step,particle_id,x,y,z,vx,vy,vz,mass,charge
0,0,-4.6653005200e+01,-1.7003579236e+01,1.9063570429e+01,-7.7513317846e-01,-2.9373486144e+00,-2.4987154908e+00,7.3655852416e+00,7.2724476165e-01
0,1,-1.9834436881e+01,-4.7507606492e+01,-1.3500729093e+01,2.6538098220e+00,-1.8213973692e+00,-3.6427160719e+00,2.0674525802e+00,5.2134314437e-01
0,2,-4.1832771707e+01,5.0956208515e+00,6.4651889058e+00,2.4327050696e+00,4.8176014981e+00,-2.8115020682e+00,5.5439592072e+00,3.7308046146e-02
0,3,7.3841728072e+00,5.5231040137e+00,2.2854625514e+01,1.2887394085e+00,2.9612813042e+00,8.3715819094e-01,3.7476643830e+00,6.5919615685e-01
0,4,4.1368002673e+01,4.6540214259e+01,-2.4791523989e+01,-3.8005483517e+00,-2.8446940695e+00,3.8864328428e+00,1.0835675461e+01,3.4372449403e-02
0,5,4.1356721982e+01,-1.5143974528e+01,-2.1743279356e+01,-2.6857251756e+00,-1.5711352469e-01,-1.1068753554e+00,1.0920990551e+01,1.3192186092e-01
0,6,4.4026867344e+01,5.6750943678e+00,-1.9076856304e+01,4.2202882279e+00,2.7560073732e+00,2.6362735767e+00,5.4068284540e+00,-3.0111507014e-01
0,7,-1.8114160219e+01,-3.3077089993e+01,4.7831640578e+01,-3.8501347224e+00,2.5294491917e+00,-2.4691715592e+00,1.0445846062e+01,3.3324989180e-01
0,8,-2.8151501379e+01,-3.0333063416e+01,2.8657011072e+01,-6.5984420276e-01,-4.1468735035e+00,2.7013765637e+00,1.0512018044e+01,9.9775973894e-01
0,9,-3.8130208938e+01,-2.6623098960e+01,-2.6969264809e+01,1.0298655816e+00,1.2308147486e+00,-2.7759359348e+00,2.6894748861e+00,1.2670029566e-01
0,10,2.7915735020e+01,-2.1821074431e+00,-1.4621029848e+00,5.4758087059e-01,-2.5819371676e+00,4.2606181555e+00,1.0042005520e+01,1.2132936210e-01
0,11,-4.0470908485e+01,3.8251695776e+01,1.7565120881e+01,3.4823583478e+00,-3.6440019862e+00,1.2023581454e+00,6.1486078022e+00,-2.9183042482e-01
0,12,3.1690518037e+01,-1.9856910952e+01,2.8810036731e+01,4.0221783002e+00,-4.2843145315e+00,2.3930217127e+00,1.0010976995e+01,-6.1946708505e-01
0,13,4.7307118167e+01,-3.6859494907e+01,2.9325301610e+01,9.6152656524e-01,-1.4618854255e+00,4.6220050471e+00,2.5950280389e+00,-7.3406238562e-01
0,14,-5.9620570186e+00,1.4488177451e+01,1.8772689471e+01,1.8218571305e+00,7.0943589588e-01,9.1927446235e-01,3.4285039364e+00,3.3246901041e-01
0,15,-2.5555596466e+00,4.1850160245e+01,1.4470339527e+00,1.1004420491e+00,3.8737416518e-01,-4.7066888072e+00,1.0641289930e+01,-2.8871480715e-01
0,16,-1.6923799024e+01,2.5222935982e+01,-2.4213957355e+01,-9.7669443394e-01,-8.4684689103e-02,-3.4104187453e+00,6.9259701455e+00,-7.0794575415e-02
0,17,-2.0963682360e+01,-1.1414996982e+01,-4.3924463165e+01,1.4417463385e+00,-1.5194946558e+00,-2.7974182730e+00,8.7714344104e+00,5.7685992847e-01
0,18,3.6513994721e+01,-3.5129664715e+00,-2.9384322711e+00,-6.3916463667e-01,-4.4320221848e+00,2.1346607092e+00,2.0231804107e+00,6.2484370108e-02
0,19,1.3196767337e+01,1.1678838060e+01,-3.5871361003e+01,-3.2929491057e+00,1.4611949988e+00,-3.9458461753e+00,6.2634768632e+00,9.5376302020e-01
0,20,3.5764474229e+01,2.8420811276e+01,-1.2078793376e+01,-1.5082372709e+00,4.4316623823e+00,4.7180908079e+00,9.1377898567e+00,-5.3294117168e-01
0,21,-1.4234088950e+01,3.7453435402e+01,3.7770404801e+01,2.0570964492e+00,-4.0520747374e+00,1.5484748858e+00,5.9413960916e+00,9.1986494694e-01
0,22,-3.8028217614e+01,4.6475528645e+01,-1.0398399020e+01,-3.2348439462e+00,1.7822135691e+00,-1.6659491238e-02,8.0775779044e+00,-3.7962194038e-01
0,23,-3.8487756852e+01,3.4904418040e+01,-1.9105880297e+00,2.6124193136e+00,4.5445956288e+00,-4.9275819445e+00,8.3812344099e+00,6.2420861033e-01
0,24,2.9144991831e+01,-3.8266449276e+01,-3.3871942239e+01,2.3461615608e+00,-4.1085541244e+00,4.7505956328e+00,1.0681455702e+01,-1.0639260295e-01
0,25,3.4959391730e+01,3.4584961778e+01,-3.4748665702e+01,4.4438644356e+00,6.9710589046e-03,1.4665295214e+00,1.0043189170e+01,2.4082985951e-01
0,26,1.1140823812e+01,-1.9966507363e+01,2.9693053514e+01,-2.1037040498e+00,2.9866897725e+00,4.6883255731e-02,6.9981862484e+00,8.2758281744e-01
0,27,-1.4626749449e+01,-4.1928725593e+01,1.7503334008e+01,-1.9180793161e+00,-4.1204545037e+00,-8.6843219393e-01,2.2029637309e+00,7.5880893588e-01
0,28,3.0492287842e+00,-2.1842304930e+01,1.1402062355e+01,1.1963687587e+00,-2.4336348602e+00,8.2166193324e-01,1.6644057392e+00,-7.8753913836e-01
0,29,-7.1984189363e+00,-2.8104608310e+01,-4.4938312608e+01,4.2871291699e+00,3.6560686951e+00,4.5493579095e+00,6.4912784628e+00,-4.5969785678e-02
0,30,-2.4472928315e+01,-1.5394161858e+01,2.6664470218e+01,-4.4606030590e+00,3.5074670699e+00,-1.3353667298e+00,1.0677311028e+01,-5.9104157593e-01
0,31,-5.2823928908e+00,1.4276444243e+01,1.2671280425e+00,3.5130621183e-01,-4.4407877696e+00,1.3296765351e+00,5.1453508866e+00,1.7282702176e-01
0,32,4.1454460468e+01,-4.7144428779e+01,-2.9394961372e+01,-3.2881888180e+00,1.1072190553e+00,-2.2750903979e+00,3.7741154902e+00,-9.2252456766e-01
0,33,-8.5551224223e-01,-1.7197157707e+01,4.6745063316e+01,-1.4294825338e+00,-2.1703578612e+00,1.6578478979e-01,9.3406685378e+00,7.6469861472e-02
0,34,3.6263686040e+01,1.0071155597e+01,9.2174624834e+00,2.1338356692e+00,4.6717488299e+00,5.9905727655e-01,1.0178627794e+01,-1.7129809278e-01
0,35,-2.9732983038e+01,-6.9465940618e+00,4.4948157479e+01,-2.4140860734e+00,-4.3649828710e+00,-1.3598333655e+00,9.4500490401e+00,9.5609263515e-01
0,36,-1.0742762434e+01,-4.4894471017e+01,-3.5077256470e+01,-4.9670571927e+00,-1.7645374950e+00,-7.3361015680e-01,1.4203199690e+00,6.2998225616e-01
0,37,2.5466740725e+01,-4.9051737040e+01,-3.2795712577e+01,-4.6236837933e+00,2.6061109046e-01,-4.9389027245e+00,6.7586655187e+00,-2.2260406205e-01
0,38,1.0682128351e+01,-3.3195882376e+01,-3.9791846410e+01,7.3996166035e-01,2.2794690390e+00,-4.8005568515e+00,1.0883471201e+01,8.6123414797e-01
0,39,-4.9521625764e+00,4.3782869444e+01,-3.1079153382e+01,1.3980087132e-01,-1.9815464257e+00,-4.6578663027e+00,5.9202640424e+00,3.8883546618e-01
0,40,-4.1473133998e+01,1.4125383955e+01,1.9771201429e+01,-9.1185089476e-01,-4.3210717660e+00,2.3974401119e+00,3.2380603814e+00,6.4512046224e-01
0,41,2.4922664126e+01,-1.0415108763e+01,3.6019185179e+01,-2.2471225016e+00,-9.8041360079e-01,-6.3941596804e-01,7.6398571882e+00,-9.8244015313e-01
0,42,1.0409957990e+01,2.6606725471e+01,8.2776089470e+00,-1.6795351667e+00,2.8601156957e+00,7.1123209117e-01,3.6266355685e+00,-5.2702011239e-01
0,43,8.9519035578e-01,-4.8127976501e+00,2.5047003094e+01,3.1079726099e+00,-1.3914606773e-01,-2.5750356482e+00,6.0521499408e+00,1.4270810650e-01
0,44,3.8375027472e+01,-2.9707299210e+01,4.8016896377e+01,4.5164309859e+00,4.4267101909e+00,-2.9602499855e+00,8.7420332924e+00,3.8379531977e-01
0,45,9.9823913816e+00,1.3439518057e+01,4.6718540972e+01,-4.9821744626e+00,-4.2954641624e+00,1.3117112854e+00,1.1056247717e+00,3.4910632733e-01
0,46,-1.0276161721e+01,9.3338566643e+00,-4.9340035347e+01,-3.1675004764e+00,-3.3553822424e+00,-2.3073679615e+00,5.1973989616e+00,3.4682735863e-01
0,47,2.2113522735e+01,-3.2979007337e+01,-1.5789060162e+00,-2.9277937989e+00,-8.7293638190e-01,4.8942593391e+00,8.7857467382e+00,-4.0708672693e-01
0,48,-3.0764705865e+01,2.5874363713e+01,-2.5190026534e+01,-3.6497603956e+00,4.6271863904e+00,-4.7769693657e+00,9.2692162033e+00,1.2508510478e-01
0,49,1.5669824400e+01,2.9410703005e+01,6.4325106127e+00,2.2715182776e+00,-7.4721841875e-01,7.4887583300e-01,5.0170499096e+00,6.4503308183e-01
0,50,-3.3177385006e+01,-9.1695362046e+00,-4.9423350719e+01,-1.6731207430e+00,1.7756784180e+00,-7.4493611033e-01,1.0610160455e+00,-2.0259386264e-01
0,51,9.5716316065e+00,-9.6874556084e-01,1.0592368879e+01,-4.9157732259e+00,-2.0261521693e-01,-1.1550163786e+00,4.0487931394e+00,3.4418283931e-01
0,52,-3.5675800073e+01,5.2979048599e+00,3.0711538010e+01,-3.9403936215e+00,7.5282112032e-01,1.3403700042e+00,7.6850319024e+00,-5.3603928794e-01
0,53,-7.1855969993e+00,-2.6717170364e+01,4.5913218379e+01,3.5342218813e+00,3.0771587966e+00,-1.3916282525e+00,7.7593872858e+00,9.5188405921e-01
0,54,2.6914181270e+01,1.8170522185e+01,-1.9137004516e+01,-5.3290345964e-01,-3.9278838965e+00,-1.8526844060e+00,9.4541272272e+00,4.0585585283e-01
0,55,3.0504410425e+01,-4.8663588962e+00,2.1135060429e+01,-2.1521741790e+00,3.3583477365e+00,-4.8377008223e+00,1.0568740018e+01,9.5815354584e-01
0,56,6.9208966833e+00,2.6398938185e+01,-4.1496258970e+01,-3.5550892160e+00,-1.0197361820e+00,2.5354060054e+00,4.7647143443e+00,6.5234082362e-01
0,57,4.8636889690e+01,-1.6439638178e+01,1.7959259948e+01,2.9408477656e+00,1.9644079297e+00,-1.4446867241e+00,8.7002680570e+00,-6.8834789595e-02
0,58,-4.6276345102e+01,-4.2134323945e+01,4.1229225924e+01,-3.5555184020e+00,-1.0661168006e+00,2.5770498149e+00,9.4737608621e+00,-6.0313515254e-01
0,59,-2.9095860794e+01,5.8726690038e+00,-1.6784994172e+00,-4.5512383476e+00,7.4956608273e-01,-5.9910992421e-01,1.2395293770e+00,-7.1166885072e-01
0,60,-2.9592161104e+01,-3.9100965201e+01,-2.1134334696e+01,1.0210477077e+00,3.6253094900e+00,1.6512808793e+00,5.2827518211e+00,6.9779969086e-01
0,61,-4.9926829431e+01,-3.9213221888e+01,1.4298462153e+01,1.9717249866e+00,-3.6600891285e-01,-8.6988572770e-01,2.6275510339e+00,1.2713163166e-03
0,62,-8.3318122236e-01,-4.2495263783e+01,1.4508381795e+01,3.8505650772e+00,3.3275234365e+00,-7.5400962995e-02,1.8348893145e+00,-9.1641252950e-01
0,63,-4.4881340626e+01,6.6703937280e+00,-4.1333009904e+01,1.2614320201e+00,-4.9320705561e+00,-3.8937716134e+00,8.7030877665e+00,-5.7825733329e-01
0,64,-2.8038681288e+01,-4.4103457077e+01,3.1297610412e+01,-4.1785586435e+00,2.2409351716e+00,-2.5874871423e+00,1.0310439811e+01,4.4965044570e-01
0,65,-1.5088093311e+01,7.4028602603e+00,-7.8002278962e+00,3.1251817607e+00,4.8704002983e+00,8.4752824430e-01,4.1315383376e+00,-4.2583565713e-02
0,66,1.5980018659e+01,4.5823765172e+01,-1.3623527560e+01,-7.4474702158e-02,-4.9302445049e-01,-5.2746344149e-01,6.3434626550e+00,3.7682973797e-03
0,67,-4.8604240687e+01,1.2101616646e+01,-3.7197264976e+01,-4.7924946248e+00,2.3163900512e+00,3.9833612689e+00,3.3162187134e+00,9.0250438447e-01
0,68,4.5730155658e+01,-4.5540202500e+01,-4.6660367258e+01,1.8139507327e+00,-2.1415073877e+00,4.6444030896e+00,5.0622029612e+00,2.6993665624e-01
0,69,3.8468911098e+00,3.2821801716e+01,-5.2513496276e+00,2.5508940465e-01,-8.7029158411e-01,2.6064033749e+00,1.0421715714e+00,-8.5445794456e-01
0,70,2.1887798874e+01,-1.3201811846e+01,6.5323557968e+00,-3.3042445631e+00,3.1523553786e+00,-4.0033017700e+00,7.7145969238e+00,6.5838626197e-01
0,71,2.2068598947e+01,2.9948704308e+01,3.4994366851e+01,-4.7675005881e-01,1.9782316950e+00,-4.1843446061e+00,5.0357718636e+00,3.1024945123e-01
0,72,-3.7383648514e+01,-6.3026486227e+00,-1.6348020111e+01,-8.7987223914e-01,-9.8586177732e-01,2.4274009501e+00,1.4698110374e+00,8.7976546673e-01
0,73,7.0958111701e+00,-5.5323920704e-01,-3.4608326636e+00,4.8392895329e+00,-2.4489205505e+00,-3.0391169493e-01,1.5669998101e+00,9.4797186830e-01
0,74,3.3759071251e+01,1.2202353898e+01,-3.5643852263e+01,1.5282624990e+00,2.2169336198e+00,3.1502116975e+00,5.8201938043e+00,-1.1524129804e-01
0,75,1.1450821236e+01,-1.6803695153e+01,3.9470434510e+01,-1.8766861813e+00,-8.6471411673e-01,-2.0171846901e+00,1.0674561075e+01,7.9384206366e-02
0,76,2.3525504523e+01,-1.9602409410e+01,4.5170487927e+01,-3.6333113297e+00,-4.5328399956e+00,4.9868598301e+00,1.7655160040e+00,2.3534822522e-01
0,77,-6.8464095270e-01,4.1943273759e+00,1.0160306543e+01,2.4826153589e+00,-4.8844789573e+00,1.5830304644e+00,8.2224746958e+00,6.9828563356e-01
0,78,-2.1967341505e+01,3.6580894695e+01,1.9690662166e-01,-4.9798005354e+00,1.8083011624e+00,4.8398844664e+00,5.4439929744e+00,-4.0932334280e-01
0,79,-1.8404850535e+01,-1.6089635746e+01,1.0766971046e+01,2.2948008297e+00,1.3738517353e+00,7.5125817477e-01,3.6917218569e+00,-2.5471956341e-01
0,80,3.7910172384e+01,-2.7912293551e+01,9.3090857888e-01,4.2581772428e+00,-2.8043695250e+00,8.5860686184e-01,6.4349183642e+00,4.2543327595e-01
0,81,-3.7219604052e+01,-3.5490509814e+01,-3.9021826600e+00,-3.6064393626e+00,3.0339794830e+00,-3.1677435749e+00,1.0884988805e+01,-8.3255093351e-01
0,82,-4.5096541101e+01,-9.5320537265e-01,-4.1425552029e+01,2.2986470569e+00,-2.5543607550e-01,3.0143777621e-01,1.2520303383e+00,5.8081577512e-01
0,83,3.6924742016e+01,1.3287274429e+01,1.9887970071e+00,6.6325932306e-02,-2.9200143870e+00,2.8906015623e+00,9.7927281199e+00,-8.2579943064e-01
0,84,-4.9006277974e+01,-1.1141810269e+01,-4.8708199104e+01,-2.7049973224e+00,4.7444258350e+00,5.6409845388e-01,1.0422169062e+01,-7.9550691498e-01
0,85,2.0150474724e+01,-9.6804920862e+00,-2.5839739328e+01,4.9026955408e-02,8.6420722113e-01,-2.6989851322e+00,6.8862722879e+00,2.7091062221e-01
0,86,2.2056943351e+01,1.7437170850e+01,-1.3467998367e+01,-3.0497417450e+00,-2.9548451435e+00,-1.0947694984e+00,1.0854337131e+01,-8.5247418929e-01
0,87,-4.7660420601e+01,5.3216831318e-01,8.0395499049e+00,-2.6860564424e+00,-2.0561816111e+00,-4.0331689427e-01,4.1849464044e+00,-3.9136188170e-01
0,88,3.4825020789e+01,-1.6858735060e+01,3.3819327379e+00,3.2269279092e+00,3.8782249526e+00,-2.3963766882e-01,1.0249393334e+01,1.7865448407e-01
0,89,3.7923131226e+01,-3.3345806032e+01,-4.0577006289e+01,-3.4347966097e-01,-1.0335657308e+00,1.8285716590e+00,2.0110734501e+00,-7.6557428006e-01
0,90,-1.4277112560e+01,-3.3572638656e+00,-1.8776131453e+01,6.1744360049e-01,3.5695041197e+00,-2.0232760147e+00,7.3550726587e+00,7.6069241192e-01
0,91,3.0299408166e+01,-2.8409723555e+01,-3.8825943875e+01,-4.0262407991e+00,1.7557107502e+00,-6.9764797841e-01,5.0169497924e+00,4.7642564889e-02
0,92,2.6164785156e+01,4.3551430662e+01,-1.5348592710e+01,1.4947034635e+00,-8.8449460728e-01,-2.2854659414e+00,3.3879758839e+00,-4.1843629694e-01
0,93,-6.2004653999e+00,-1.6697247451e+01,2.5643388543e+01,3.3463877292e+00,-4.8411530861e+00,3.5754123044e+00,1.0518516329e+01,-2.5377286843e-01
0,94,-1.7603140821e+01,-2.3590968211e+01,4.3485792584e+01,-3.1908099671e+00,6.1762716417e-01,7.0365191237e-01,1.6126520879e+00,-2.7048640478e-01
0,95,2.8626795569e+01,-3.2699422949e+01,-3.7867282302e+00,-3.8160969754e-01,1.0324097267e+00,3.6382769740e+00,1.0856603127e+01,-2.7022235248e-01
0,96,2.9934200356e+01,-1.6782561488e+01,-4.8564082989e+01,-2.8910745717e+00,1.0362779144e+00,-2.4684324150e+00,6.0167439436e+00,-9.1675372604e-01
0,97,8.6184283991e+00,-2.4189172068e+01,3.7626190990e+01,1.0206897538e+00,-3.8435049024e+00,3.2811354232e+00,1.0751825412e+01,-1.2076379690e-01
0,98,-4.0779614025e+01,4.1004046700e+01,1.2053710484e+01,1.5396657663e+00,-1.9594342224e-01,1.8180231363e+00,1.1872337378e+00,-4.6665277307e-01
0,99,3.5480808413e+01,-1.9143908061e+00,2.2851264371e+01,-4.1950943666e-01,-1.5531621112e+00,2.1417295640e+00,9.2293788056e+00,-7.1194841606e-01
0,100,-4.5365265894e+01,3.3729705067e+01,-1.4508166520e+01,1.4997513250e+00,-4.0954619130e+00,3.5659272916e+00,7.9159826948e+00,3.5327618539e-01
0,101,-3.8529899152e+01,6.7860178914e+00,-2.2129293192e+01,-2.6964948176e+00,-1.0402627923e+00,-2.4611039122e+00,7.6996861979e+00,-2.3644838027e-02
0,102,-3.3606992468e+01,-2.0949427584e+01,-3.5785584285e+01,1.4433573356e+00,4.7230803779e+00,-3.3913246907e+00,1.0110093470e+01,6.5423224385e-01
0,103,1.4172362287e+01,1.3952199027e+01,-2.1483482221e+01,4.8640741174e+00,-1.4630505380e+00,-3.9189694211e+00,2.3043320371e+00,-1.9991542455e-01
0,104,4.4540010856e+01,-1.4648461488e+00,-4.4998258024e+01,-4.6414608320e+00,-1.5805573233e+00,2.4161568970e+00,8.1249200996e+00,-8.6709447711e-02
0,105,-1.9052413185e+01,4.9119907803e+01,1.8699579439e+01,2.0544958939e+00,-2.5491131365e+00,-1.4303558629e+00,2.9362716991e+00,-1.8196247573e-01
0,106,1.4747013787e+01,-1.6422867294e+01,-4.4664550477e+01,1.1977817520e+00,-3.3611420092e-02,4.6436384225e+00,5.4689429665e+00,-7.2327503828e-01
0,107,1.0388583206e+01,2.3205947491e+01,-3.7523010786e+01,4.5758077873e+00,3.4016253280e+00,-2.4479690415e+00,4.5762306599e+00,5.7112528271e-01
0,108,2.4055463483e+01,-9.2359514252e+00,3.2141655815e+01,-4.1750109797e+00,-3.5074382501e+00,3.3908567640e-01,6.3914417817e+00,-8.2535912787e-02
0,109,2.5107645209e+00,-2.7386002791e+01,-3.3581836747e+01,2.7019633202e+00,8.3104385800e-01,-1.4219119756e+00,2.7921509369e+00,-5.3885095359e-01
0,110,1.9358012951e+01,-2.6743041108e+01,3.5035269840e+01,-3.0978101297e+00,-3.0306656929e+00,-2.0275300495e+00,4.2858146789e+00,6.0163852554e-01
0,111,-4.7069353050e+01,-4.6648639509e+00,2.5840004103e+01,3.6946900229e+00,2.0855445634e+00,-3.8397689345e+00,7.5503164318e+00,-1.0178181860e-01
0,112,2.3663592769e+00,-2.3551798669e+00,3.1607992729e+00,1.7291976776e+00,-4.8964323150e+00,-4.2924782956e+00,2.3165181090e+00,7.0928828358e-02
0,113,-2.0310785747e+01,-2.0416655657e+01,-1.9433925426e+01,3.7999652833e+00,1.5364224587e+00,-1.5124160571e-01,2.1057105107e+00,-3.0555525017e-01
0,114,2.1744542835e+01,4.6092374994e+01,3.7441362411e+00,4.1437885906e+00,-2.4182925548e+00,3.6602283030e+00,8.1519812137e+00,-4.2504557195e-01
0,115,-1.8062580967e+01,-2.6401837602e+00,-3.4305378415e+01,-4.7207135333e+00,8.9621268953e-01,3.1197785950e+00,5.7703773737e+00,-7.7343027749e-01
0,116,-2.1157393964e+01,-4.9135426990e+01,2.8620462948e+01,-2.0121717113e+00,-4.2060209947e+00,4.1785644038e+00,9.3424724305e+00,-2.4741991295e-01
0,117,-2.8631011620e+01,-3.6009201168e+01,-2.4371342861e+01,3.6733212968e+00,1.2478382775e+00,-1.3314237708e+00,3.1455450459e+00,-3.1554148873e-01
0,118,-1.7221862761e+01,2.5199586700e+01,-2.4339188577e+01,8.5952116915e-01,1.1801869684e+00,4.7180623606e+00,9.7342933094e+00,8.7478577526e-01
0,119,-5.4595602003e+00,-4.6962445368e+01,4.6532153430e+01,-4.6497433352e+00,3.4235340582e+00,-5.7640728800e-01,2.4831052821e+00,-7.3844106856e-01
0,120,-4.8994998703e+00,4.3451515768e+01,-7.0437704944e+00,3.0402902295e-01,3.5237159759e+00,-2.3619046236e+00,1.0066929458e+01,-8.6787703813e-01
0,121,-9.6282473577e+00,-3.3702048326e+01,4.3339361108e+01,-4.7149864629e+00,2.9837139663e-01,-3.5205188480e+00,4.7073060981e+00,7.1523702411e-01
0,122,3.9994398220e+01,1.2733872404e+01,-5.6429371497e+00,1.7962678577e-01,9.9144959636e-01,-1.8300004102e+00,5.5535556574e+00,-9.1090128567e-01
0,123,-1.5262449423e+01,-7.9322900427e+00,-4.2042497588e+01,-3.1027108888e+00,3.6303637124e+00,-2.7211444768e+00,4.2050837731e+00,-3.7191725586e-01
0,124,-3.3759929046e+01,2.5007067237e+01,3.4444427436e+01,-4.8522769333e+00,-4.8611979046e+00,2.5113721972e+00,1.8083378807e+00,-1.6480452808e-01
0,125,4.1411673693e+01,-4.8577260132e+01,-5.3900909868e+00,-5.6046123875e-01,-3.3782448612e+00,3.1682969994e+00,4.0157238818e+00,-8.7576100876e-01
0,126,-5.5831576491e+00,2.4514301668e+01,8.0082174195e+00,-4.5668661686e+00,-4.3785702434e+00,-4.6456226006e+00,1.8786274031e+00,-1.8096303715e-01
0,127,-4.3885160491e+00,-3.3256223557e+01,9.9247392546e+00,-1.8084878972e+00,-1.0467668325e+00,4.1975576986e+00,7.3319258282e+00,1.1544805258e-01
0,128,1.6982644176e+01,-2.2363143285e+00,7.2496333426e+00,1.8370665176e+00,-2.7122592357e+00,1.5333012149e+00,2.0130438726e+00,-7.1421837421e-01
0,129,1.6755752017e+01,4.7403477387e+00,8.6844689020e+00,3.2973303405e+00,-1.3576682314e+00,3.8841707720e+00,9.9185252967e+00,6.1680320167e-01
0,130,1.3356009388e+01,-2.8065296602e+00,3.5171498398e+01,1.9570306954e+00,7.3724433348e-02,4.3957772429e+00,2.0522155050e+00,9.2697456662e-01
0,131,-3.9298451128e+01,2.0446894304e+01,-2.1736150687e+01,2.3388054698e-02,1.2422471290e+00,4.1583107594e+00,1.6006283176e+00,-4.1189769162e-01
0,132,-1.0653206734e+01,1.3255916519e+01,4.7775780595e+01,1.2224200909e+00,-2.1411071378e+00,-4.2093780680e+00,8.6513282199e+00,9.0689361277e-01
0,133,1.2646567059e+01,-1.4802248946e+01,2.8317983997e+01,4.9069884792e+00,-2.5960541226e+00,1.7503236918e+00,8.9910044828e+00,7.4790936324e-01
0,134,-3.5303292789e+01,1.5081543180e+01,6.9657750693e+00,1.5433951591e+00,9.0393155622e-01,1.7487930119e+00,7.1782679875e+00,3.9481728868e-01
0,135,-1.2065175624e+01,4.0046529188e+01,-3.0025255019e+01,-4.9642704381e+00,3.1629636782e+00,-2.4018971843e+00,3.9762411085e+00,-5.8047139998e-01
0,136,3.9236944676e+01,-2.2461808367e+01,3.3200630910e+01,-3.2174126749e+00,-1.4555589047e+00,9.7139130625e-01,2.3170553843e+00,9.6181956118e-01
0,137,4.4911664117e+01,4.1488537840e+01,4.7160862804e+01,-3.1048877156e+00,8.9917747113e-01,2.7070907586e+00,1.6346590960e+00,4.7376963844e-01
0,138,-7.8475492810e+00,1.3312366029e+01,-1.0877566534e+01,-4.8808233765e+00,-1.9199703899e+00,-4.9094886705e+00,8.0932630715e+00,3.7470241048e-01
0,139,4.0951642530e+01,4.0907375697e+01,1.9092416144e+01,2.2581279265e+00,-3.3111596193e+00,4.8854827228e+00,1.0355770927e+01,-8.7749303127e-01
0,140,-2.3606981139e+01,2.6758340130e+01,-2.6048778312e+01,1.1837429815e+00,-1.3527746854e+00,-1.2878224469e+00,6.9928407827e+00,-3.7232165568e-01
0,141,-2.1389686675e+01,7.0892705848e+00,3.3504010659e-01,3.7602088036e+00,-1.5839821876e+00,6.6816310662e-01,7.1290569911e+00,5.2625257686e-01
0,142,-3.0006002905e+01,-4.9586996622e+01,2.7504395124e+01,7.9429319631e-02,-4.8681883327e+00,-1.5629742069e-01,2.9529413674e+00,8.4539518405e-01
0,143,-1.0655598557e+01,3.8621829864e+01,1.4851038421e+01,6.2328052503e-01,3.7476657046e+00,8.4087476406e-01,7.2358153687e+00,-7.2260648279e-01
0,144,-1.4832912276e+01,3.6309375375e+01,2.5707105722e+01,2.1639340870e+00,-2.6568849141e+00,-1.4364486497e+00,1.3023258086e+00,4.0829283670e-02
0,145,4.2724784134e+01,3.3582981924e+00,-1.0356447827e+01,-2.3115037788e+00,-3.9960070788e+00,-4.9065877962e+00,1.3197591055e+00,-3.9932147386e-01
0,146,-4.8652874585e+01,3.0701986179e+01,3.0828219550e+01,-4.7334757865e+00,-2.0860988074e+00,-4.9642366823e+00,1.0493500134e+01,3.6966826737e-01
0,147,3.8979463041e+01,9.7860397584e+00,-2.5283781428e+01,2.6456120087e+00,-3.1805212648e+00,3.7074372259e+00,1.0032579595e+01,6.7237502461e-02
0,148,2.3383747588e+01,1.6032901623e+01,-2.4998784054e+01,4.6814898447e+00,-4.8331584874e+00,-2.1975525968e+00,5.8856362584e+00,8.8786398521e-01
0,149,3.1382772225e+01,3.8499914756e+01,-2.8721838574e+01,4.1422701483e+00,3.9434036794e+00,-2.5524247519e+00,3.1456627744e+00,8.1562324512e-01
0,150,-4.4822261387e+01,-4.7715152752e+01,4.3446404391e+01,-1.5683249461e+00,-4.7357519529e+00,3.8381405682e+00,1.2800163861e+00,8.3243887026e-01
0,151,-1.8325546066e+00,-2.2483617567e+01,1.8078063553e+01,1.6362232792e+00,-3.5409245354e+00,8.4038595010e-01,2.9724107869e+00,7.5949004468e-01
0,152,-2.5563238922e+01,-5.2746761848e+00,3.4789400634e+01,-2.3894823796e+00,2.2749797894e+00,-1.6354236829e+00,3.0498375418e+00,8.2651401443e-02
0,153,-2.7854322120e+01,-8.2234631098e+00,-4.4447284911e+00,-3.8420285326e+00,1.6252289371e+00,1.7011899299e+00,1.2360876884e+00,4.2860056061e-01
0,154,1.9296746547e+01,4.5807281274e+01,-4.4253221477e+01,2.1939227018e+00,3.4188686909e+00,-4.1453057570e+00,7.3561170531e+00,-3.5287735395e-01
0,155,-1.3936675137e+01,-1.8360765962e+01,4.8718365095e+01,6.5407955584e-02,4.0043093539e+00,-3.1557527083e+00,4.8628581743e+00,-7.1040290767e-01
0,156,1.3167796732e+01,-2.6582017623e+01,-9.4149691795e+00,-1.4082405420e+00,7.0637455476e-01,1.1083406285e+00,1.0005016470e+01,5.8418846949e-01
0,157,-4.7140056871e+01,-1.4394563839e+01,4.0789138149e+01,1.9112232499e+00,-4.7382664586e+00,4.3150015032e+00,5.0542260483e+00,4.3828164015e-01
0,158,3.8957296260e+01,-3.7109609478e+00,-6.1466910206e+00,2.3145983123e+00,4.8359814821e-01,-4.2585520536e+00,1.5502115379e+00,8.1798612690e-01
0,159,-1.0946286452e+01,-4.5779519573e+01,-8.4466141455e+00,-2.0903192959e+00,-2.7337046656e+00,3.0181967644e+00,5.3576661657e+00,7.1661500247e-01
0,160,-4.6400050026e+01,3.4161692524e+01,-2.8251655343e+01,1.0663695522e+00,-4.7549012372e-01,-3.8201490691e+00,4.9873118950e+00,-3.7899162172e-02
0,161,-2.5960544835e+00,-1.9337742948e+01,-3.2782725656e+01,2.1280930387e-03,-2.6187727962e+00,7.7595348739e-01,3.1935362891e+00,-7.4460863496e-01
0,162,-4.5951426120e+01,1.5788671917e+01,3.5915551421e+01,8.8845553616e-01,2.3203151381e+00,4.1417666800e+00,5.9783861660e+00,-7.5486270234e-01
0,163,4.5638147274e+01,4.1337247561e+01,-8.6463280295e+00,-3.1698899428e+00,2.1519215159e+00,3.4930333628e+00,1.4131850649e+00,5.0238330267e-01
0,164,1.9092026106e+01,-2.4119804648e+01,-1.4217139391e+01,-3.5662875178e+00,-1.2321295339e+00,2.5655979605e+00,7.2442166713e+00,7.0165300355e-01
0,165,-4.3681763389e+01,2.9659441104e+01,-1.4896068892e+01,-1.9869491304e+00,-1.2581024069e+00,7.0392939993e-01,5.2900076948e+00,-1.7064900378e-01
0,166,-2.7172034130e+01,-2.1184371678e+01,-4.9647894874e+01,4.6031117298e+00,-2.9766704878e+00,1.3596678625e-02,1.8287982134e+00,-6.8257115301e-01
0,167,-8.5267856990e+00,-3.5834589524e-01,-1.5827457079e+01,-3.7007570587e+00,-1.5428012267e+00,-1.1695606383e+00,9.8111594547e+00,-9.2671972417e-01
0,168,1.4184588969e+01,-2.6105544845e+01,-3.1998861340e+01,-4.8136706417e+00,4.9550434761e+00,3.0443305373e+00,9.6945943808e+00,-8.8262657350e-01
0,169,1.0102746431e+01,-2.7950125131e+01,-1.4000819979e+01,4.7521722362e+00,2.9089168869e+00,2.8899257015e+00,4.8989272126e+00,-9.6165730523e-01
0,170,-4.2285114709e+01,-1.0658622748e+01,4.7948252036e+01,-2.2051819587e+00,3.9477344085e+00,-4.3763765876e+00,5.3819622762e+00,-3.8098883321e-01
0,171,5.8778882753e+00,2.7992165730e+01,-6.0570122004e+00,4.0449876008e+00,-3.3703440700e+00,-1.7945417700e+00,1.0411388980e+01,6.0962296539e-01
0,172,5.9490374550e+00,-3.7884971587e+01,3.2344441853e+01,5.4994721690e-01,4.2558333833e+00,1.9290385614e+00,7.1368143541e+00,5.3221604346e-02
0,173,4.1340260483e+01,4.7367323561e+01,1.8280257945e-01,2.0429429352e+00,2.6266580530e+00,3.9172074706e+00,8.2346564090e+00,6.7962931734e-01
0,174,-2.1486548042e+01,2.0294816080e+01,-3.8070353767e+01,-3.2009204003e+00,2.6531050204e+00,5.7492690420e-01,5.8941354337e+00,-3.5182123135e-01
0,175,-1.6258565274e+01,4.2884342136e+01,-2.7141185606e+01,3.7994026224e-03,-2.5061075564e+00,-3.3027295807e+00,4.0519142249e+00,6.1775923782e-01
0,176,-2.0912267394e+01,-3.7136415945e+01,-1.3612565940e+01,-2.8353933607e+00,3.2153969715e+00,4.7755577600e+00,8.4307146656e+00,4.6988460304e-01
0,177,4.5122901115e+01,-2.5510050811e+01,-6.0763405431e+00,2.1389481645e+00,-3.6337976151e+00,-3.3729776500e+00,6.5370947465e+00,-1.5649048386e-01
0,178,3.6565039580e+01,1.7300593698e+01,1.0166271804e+01,1.3096089784e+00,-2.6950137306e+00,-4.0892373859e+00,1.0550502822e+01,1.3582594839e-01
0,179,-4.8008031770e+01,-3.1636157390e+01,-4.3170708601e+01,-2.3069107334e+00,-1.4663453197e+00,-1.2651566352e+00,1.7818854557e+00,2.8848558817e-01
0,180,2.1201774953e-01,-5.7937113828e+00,3.6070345848e+01,-1.7634012582e+00,-8.0381338289e-01,1.0377492458e+00,1.5860217524e+00,-2.5830465521e-01
0,181,3.4867441647e+01,-2.1612297288e-01,-4.1525751162e+01,4.8529465496e+00,1.6054100527e+00,1.3845196303e+00,5.0704941303e+00,5.2382802149e-02
0,182,-1.8854209999e+01,-4.9128786940e+01,-3.4284770155e+01,4.1956526945e-01,-4.0021160799e+00,-3.8779741986e+00,2.0986950114e+00,-7.6058385044e-01
0,183,-2.0415899377e+01,-3.2183758487e+01,-1.1098299856e+01,1.4920647426e+00,5.1646752074e-01,-3.2794452986e-01,3.9344926835e+00,-8.9246614179e-01
0,184,4.0926843319e+01,-3.4584727364e+01,-1.2257319671e+01,-1.7111290557e+00,2.5792765094e+00,-6.3971021475e-01,7.9973476729e+00,2.1320413389e-01
0,185,4.3386774880e+01,2.8447725567e+01,9.1896721438e+00,9.4408754070e-01,-7.7070781298e-01,4.9894613447e+00,2.2060015468e+00,4.6877423742e-01
0,186,-4.9234173493e+01,-2.2224754688e+01,-2.2365635481e+01,-3.9255334292e+00,-1.1004496674e+00,-1.1378685367e+00,3.2715473186e+00,3.7159207993e-01
0,187,6.4375561925e+00,1.1617173376e+01,-1.6499748624e+01,-3.8397768647e+00,-4.1662271969e+00,1.2845178211e+00,2.6978924264e+00,9.8529142793e-01
0,188,2.8260450847e+01,4.7216045925e+00,-1.7846719207e+01,4.0532158939e-01,4.8324502445e+00,-4.7873242524e+00,2.4713422542e+00,8.3422554649e-01
0,189,3.0574483089e+01,2.3903094732e+01,1.1521526851e+00,-2.7132595087e+00,2.3797708132e+00,1.3212168153e+00,1.0630611678e+01,4.9127069278e-01
0,190,4.0987413466e+01,-2.6059518743e+01,3.5308200393e+01,-2.0017083255e+00,1.2561795936e+00,-4.1976326467e+00,1.0856252074e+01,-6.2001295836e-01
0,191,1.9640846909e+01,-1.7937227882e+01,-1.9398416565e+01,2.7978574987e+00,4.4907950328e+00,-2.4194923008e-01,8.7243146336e+00,4.6336802350e-01
0,192,-4.7697887755e+01,-4.0603572917e+01,-2.2778382978e+01,-4.9373385356e+00,-3.8476815395e+00,-8.0649603894e-01,1.0233789197e+01,8.4195335388e-01
0,193,-3.4161865704e+01,-6.5099553934e+00,-3.5034927439e+01,3.9635842428e+00,-4.3297787287e+00,-3.8728810702e+00,7.4199377067e+00,9.5379252357e-01
0,194,-1.4788329445e+01,-4.9242258560e-01,-2.2327457076e+01,4.7773466491e+00,7.5312509469e-01,-2.3764936381e+00,2.6772818527e+00,-4.5655804288e-01
0,195,8.2978357367e+00,-2.6255980379e+00,-4.4849327204e+01,3.2057860648e-01,4.4954909661e+00,3.2393819132e+00,3.6374187193e+00,9.4514043813e-01
0,196,4.1790246215e+01,3.5958042152e+00,4.7883636597e+01,-4.6686569227e+00,4.5530843826e+00,4.0221528518e+00,1.0541109847e+01,-7.7262043849e-01
0,197,-1.6288426875e+01,-3.9623829019e+01,-4.8995179496e+01,-9.5862141622e-01,-2.8352639721e+00,1.5204197571e+00,4.8103412016e+00,1.3718061761e-01
0,198,-3.5288225061e+01,1.5775954940e+01,4.6324973249e+00,2.2243025886e+00,4.2011018559e+00,2.1405315898e+00,1.0941512374e+01,6.1770859203e-03
0,199,-3.1220282186e+01,-4.5434203509e+01,-4.6485359686e+01,-3.6265372525e+00,3.6959615623e+00,-2.0111172493e+00,2.0991649335e+00,5.7499723675e-01
0,200,3.3484631723e+01,-4.1124714115e+01,3.2063292610e+01,2.9015475548e+00,4.9096814449e+00,2.7474391077e+00,1.0038445362e+01,-3.4383224945e-01
0,201,3.7850562058e+01,4.1389274127e+01,2.3222173365e+01,-4.0502077663e+00,6.5934716522e-01,-3.8674414665e+00,7.6356953218e+00,4.2610493182e-01
0,202,2.7101540275e+01,-2.9010549504e+01,-6.4517275227e+00,1.9112558835e+00,4.2394766394e+00,-7.0366038275e-01,2.9421413084e+00,-7.7651031584e-01
0,203,-2.4708072899e+00,-2.7063946601e+01,-2.5090888317e+01,-1.5511191713e+00,2.8248809058e-01,-1.4099238982e+00,2.3238670078e+00,-2.7380974836e-01
0,204,-5.2239530511e+00,4.5301962735e+01,-3.4675011916e+01,-6.1271386482e-01,2.2776353766e+00,-4.4290558293e+00,8.6681248879e+00,2.1253831555e-01
0,205,4.7098715835e+01,-9.6577801787e-02,2.0124838115e+01,3.6921874870e-01,1.1229007580e+00,-1.3518208714e+00,3.4997434032e+00,-2.3338904382e-01
0,206,7.4712418287e+00,1.8545706509e+01,-4.2556893403e+01,-1.3399182359e-02,-3.8490897319e+00,-2.3135480319e+00,7.1040492384e+00,1.8076590783e-01
0,207,-1.9942692025e-01,3.5949604067e+01,4.3527103678e+01,-4.7374546061e+00,-2.8149634915e+00,-4.3234226244e+00,4.8934966567e+00,3.3252824067e-01
0,208,-4.7932263556e+01,4.2599546510e+00,-3.9500726661e+01,2.4844090210e+00,9.9693963583e-01,3.7180522218e+00,4.5471005941e+00,1.4136224386e-01
0,209,-1.2916055630e+01,-4.4404155945e+01,-3.9239700366e+01,4.8312951950e+00,-7.9223646586e-01,-1.4242266335e+00,4.6643499758e+00,9.9097754340e-01
0,210,-4.5696559826e+01,-5.9133936446e+00,-5.8511465349e-01,-3.4187457144e+00,2.0951126083e+00,-3.9544622316e+00,8.4850838247e+00,-5.8496601767e-01
0,211,4.6404981798e+01,1.8377941879e+01,-2.6622846898e+01,-3.1744653164e+00,2.5143715635e+00,1.2312119669e+00,9.4881758869e+00,5.4422904157e-01
0,212,-3.3427925726e+01,4.5381032208e+01,2.0555422418e+00,2.6541470679e+00,3.2561554379e+00,3.7526548229e+00,4.3609582825e+00,-6.0709002596e-01
0,213,4.3122392284e+01,-5.6301175410e+00,-3.2041549348e+01,-1.4799972421e+00,3.0127616124e+00,4.6019504101e-01,4.4748904749e+00,6.8862112597e-01
0,214,4.8688556766e+01,3.4163790096e+01,-4.9756400892e+01,1.9639682802e+00,4.4619167780e+00,2.5094437355e+00,1.0039138197e+01,8.2048299062e-01
0,215,-6.5276207666e+00,-3.6231464979e+01,-4.0720503680e+01,-3.1383905179e+00,2.6080654690e+00,4.4161255189e+00,1.0582754695e+01,8.5305457928e-01
0,216,3.9542287350e+01,-2.1169108581e+00,1.9194199596e+01,2.2103841683e+00,-1.4590362676e+00,-4.7196217625e+00,1.0174934043e+01,-4.2935940876e-01
0,217,-2.8263351660e+00,-4.0292208963e+01,1.3732057188e+01,-2.2698719042e+00,1.4309741447e+00,4.8480961937e+00,2.1732337210e+00,2.5996596332e-01
0,218,3.2644751986e+01,-3.8024063636e+01,-1.7362019032e+01,2.7263919719e+00,3.7070373719e+00,-2.6970637113e+00,7.8288069250e+00,-3.8914494188e-01
0,219,-1.3202102093e+01,2.7567565570e+01,-8.4115222601e-01,-3.7121447449e+00,2.1728820760e+00,-5.0136053260e-01,1.5531281468e+00,2.2542216127e-01
0,220,4.2869483816e+01,2.4725481111e+01,-1.6625050254e+01,-2.1720878860e+00,2.7529263486e+00,-2.4875709868e+00,6.6811150702e+00,-5.0594143360e-01
0,221,-1.5167918832e+01,-2.9456792157e+01,2.0042092782e+00,4.9141822615e+00,-3.0975830267e+00,1.3736546488e+00,7.2140120735e+00,-9.6662156655e-01
0,222,2.5712482853e+01,4.4778101703e+01,2.8932841438e+01,1.2782856572e+00,-3.2192535457e+00,-2.7790893581e-01,1.0332560948e+01,9.2107249001e-02
0,223,-2.5211523834e+01,-7.5155427947e+00,1.7483915001e+01,4.6517296925e+00,3.7470851879e+00,2.3015196516e+00,6.7788404989e+00,6.0680671390e-01
0,224,-2.2593224199e+00,4.1163354735e+01,-4.1380543211e+01,-2.4730058981e+00,-3.3712355180e+00,1.5430607491e+00,5.9972869339e+00,2.2394519775e-02
0,225,3.5973815381e+01,-4.8022921429e+01,2.6154855744e-01,-4.5002014933e+00,1.5713625106e+00,-3.7598330755e+00,1.6666906786e+00,-1.7147784176e-01
0,226,-4.2820229052e+01,3.5599748225e+01,-4.5791035563e+01,-2.5012764509e+00,-1.7179341180e+00,4.7534573962e+00,8.9592597987e+00,1.5218269972e-01
0,227,-9.9809688795e+00,-2.9234870583e+00,4.1264319113e+00,-2.2510117000e+00,-2.9908290589e+00,-3.8085163146e+00,1.7830218648e+00,3.5664773982e-01
0,228,-4.6921808457e+01,-3.3550324563e+01,4.3102328057e+01,-3.0634163637e+00,3.1880282928e+00,-6.9248026502e-01,8.0485562352e+00,3.5708196524e-01
0,229,-4.9477240327e+00,-2.9252889137e+01,2.2852083376e+01,-3.9234098973e+00,-1.6851219892e+00,2.9518990163e+00,6.2192008939e+00,-1.9342897888e-01
0,230,1.5118738341e+01,6.4009734226e+00,1.5315786593e+01,4.7939397161e+00,3.9355473378e-01,-5.0916154660e-01,6.5548532100e+00,8.7909156917e-01
0,231,4.1984897476e+01,-4.0325036035e+01,-2.8555538588e+01,-3.7923393114e+00,-2.8410199181e+00,-2.0725319940e+00,8.9908993877e+00,-5.0664015278e-01
0,232,-4.2756445027e+00,2.3011321888e+01,-5.9661712758e+00,-2.2395361575e+00,-3.3913480762e+00,-3.5480608971e+00,1.0545873669e+01,2.2277590410e-01
0,233,-1.4733498108e+01,1.8310820017e+01,2.1904696232e+01,1.8415282047e+00,-2.1701898669e-01,-2.5903294876e+00,1.8743833056e+00,-7.4102903145e-01
0,234,3.0497678546e+01,2.4059619649e+01,-3.9112054458e+01,-1.5566774162e+00,-3.1031995863e+00,1.6436477688e+00,3.8387804296e+00,-7.8094196775e-01
0,235,2.6111441653e+01,-1.6773429241e-01,-2.6970491501e+01,4.7701242518e+00,2.9106945814e+00,-4.7061497670e+00,3.2369234833e+00,-5.0337397470e-01
0,236,2.5949824264e+01,1.6403063604e+01,2.4359396903e+00,4.2036343502e+00,3.0922454633e+00,-2.1053236221e-01,6.3175138660e+00,-6.7622086949e-01
0,237,-3.3794503651e+01,-2.4920165155e+01,3.4604238572e+01,1.4035306528e+00,-8.2346003075e-02,4.3348071628e+00,8.6983854956e+00,-4.0651562969e-01
0,238,1.7407691277e+01,3.7871800544e+01,1.4107444353e+01,3.6375695414e+00,4.3082781855e-01,4.2495248649e+00,1.0732859703e+01,-3.9160560416e-01
0,239,-7.6724856429e+00,-2.9641894521e+01,-2.1879037736e+01,-2.8565539875e+00,-2.6703392145e+00,4.9019714375e-02,5.6265761390e+00,9.8492864239e-01
0,240,-3.3106739299e+01,4.8701701126e+01,4.1282775575e+01,4.7815715334e+00,-3.4036225422e-01,-5.5420858113e-01,2.4004671813e+00,2.5603747613e-01
0,241,1.9537749034e+01,4.8608910385e+01,-2.3162819712e+01,-3.1285711043e+00,4.1956982013e+00,-4.6178964757e+00,5.8388507473e+00,1.8729346487e-01
0,242,4.1692835787e+01,-3.7504048174e+01,-4.2596313889e+00,-3.9988860739e-01,-4.5008799571e+00,-6.9310343624e-01,8.6420833718e+00,-5.3625704280e-02
0,243,1.3427071117e+01,-4.5458204018e+01,1.8753174911e+01,3.6723678972e+00,5.0319931260e-01,-3.4981063700e+00,9.5970111045e+00,4.3850507654e-01
0,244,-3.6279362620e+01,2.7252886573e+01,1.9740969115e+01,1.0317014838e+00,-2.8289199284e+00,3.3745640974e+00,3.3118888598e+00,8.2497099499e-01
0,245,3.2354551313e+01,-4.3931067942e-02,-4.0037161293e+01,2.4311533279e+00,3.7771041755e-01,8.3513461791e-01,4.3676206476e+00,-9.0601201677e-02
0,246,2.0847298005e+01,2.9416575134e+01,4.1471053842e+01,2.5838498481e+00,-2.7514459275e+00,1.7891887514e+00,3.3157213220e+00,7.1825223682e-01
0,247,2.2433683496e+01,4.1910388177e+01,2.2636290813e+01,-2.2534323424e+00,-4.3070675569e+00,8.6064018116e-01,1.0939093040e+01,-5.8700076378e-01
0,248,-1.4140711615e+01,1.9131899518e+01,3.0966976649e+01,7.5700891007e-01,2.8775404454e-01,-4.5914134800e+00,5.8818638850e+00,-2.9535816577e-01
0,249,4.0419341317e+00,8.7814775569e+00,-4.0456375010e+01,-4.2180961739e+00,-3.2867176311e+00,-6.7801685337e-01,6.3288978177e+00,7.5960243482e-01
0,250,-2.7363593447e+01,-5.2399680276e+00,1.3818620175e+01,-4.8780527221e-01,-3.7348080514e+00,3.6975833395e+00,4.1034559119e+00,7.0171205965e-01
0,251,2.8886221526e+01,-4.6329150114e+01,-3.7448720442e+01,3.5815545957e+00,1.2277251697e+00,-3.8057790086e+00,1.6465507721e+00,9.6273080165e-01
0,252,3.1074109432e+01,3.7432484369e+01,5.7066291830e+00,-1.6048350169e+00,4.1518349616e+00,-4.5474732013e+00,7.9183741589e+00,-8.8794325985e-02
0,253,1.3306745544e+01,2.8727366579e+01,3.3793220079e+00,3.0439569233e+00,-2.8052802001e+00,-4.3331699862e+00,7.8419690928e+00,-1.0832790803e-01
0,254,1.4283321572e+00,-1.7761688944e+01,3.9705551877e+01,1.4080251643e+00,-3.0785855549e+00,-2.9259889051e+00,5.9165854579e+00,9.6200731954e-01
0,255,-2.5589039165e+01,1.1717134138e+01,3.3915911933e+01,3.6688212579e+00,2.3659344098e+00,4.0381419654e+00,9.4824752614e+00,9.4669069673e-02
0,256,2.7813904024e+01,-9.4686182493e+00,3.8685103361e+01,1.9332253593e+00,-4.9433502624e-01,7.8688449030e-01,2.4892537247e+00,-8.3273209531e-01
0,257,-1.3403788564e+01,1.8271859255e+01,3.8802964514e+01,8.5434094344e-01,2.4940159440e+00,7.2226553956e-01,1.3127013987e+00,-4.7263016900e-01
0,258,3.9460966498e+01,4.2832565910e+01,4.0448743194e+01,-4.1324889097e+00,-3.6427323188e+00,-1.0385402274e+00,1.6775476833e+00,-2.4032724613e-01
0,259,-4.8668268136e+01,4.0691388767e+01,-2.5328149775e+01,2.4991075962e+00,3.1072808421e+00,-4.0503397207e+00,3.9724529399e+00,1.7773424796e-01
0,260,2.7984590283e-02,-3.1590367286e+01,-2.1781034056e+01,4.5084634328e+00,2.6278477617e+00,-6.8884968091e-01,1.3448029563e+00,-7.4250621989e-01
0,261,-3.8616637554e+01,4.2250994077e+01,2.1418098487e+01,3.6323521885e+00,-5.2635057388e-02,2.4545112473e+00,2.2692013389e+00,-2.2130768244e-01
0,262,1.7377678336e+01,-4.6859243464e+01,-2.3902732192e+00,3.0950355195e+00,-7.2446457377e-01,4.3852036606e-01,2.8933992842e+00,-1.1825827748e-01
0,263,-4.9234076193e+00,-6.3941569330e+00,-3.0921837958e+01,-2.3850599245e+00,3.1024458600e-01,-1.1973085120e-01,9.5036113153e+00,-9.3739139193e-01
0,264,1.7212324202e+01,-3.6744920950e+01,4.8215064778e+01,-6.5091981816e-01,6.3665822876e-01,-4.8336905706e+00,6.6365490824e+00,3.5499889467e-01
0,265,4.3914088371e+01,-2.2216410736e+01,4.0734665720e+00,-6.6122622493e-01,-4.7671298263e+00,1.6765479961e+00,9.2322353675e+00,3.9412760148e-01
0,266,1.9906236497e+01,-2.0067919591e+01,6.5673522216e-01,-3.7338409288e+00,3.4317284070e+00,1.9590728064e+00,6.6748676885e+00,-4.1212247098e-01
0,267,-3.6803428916e+01,2.5826838927e+01,5.5432772057e+00,1.6299016991e+00,-2.5370469631e+00,-9.4206096416e-01,7.9429447395e+00,8.3683709234e-01
0,268,3.8344694087e+00,1.7644512126e+01,-1.4667343611e+01,-3.9798948350e+00,1.9307606420e+00,4.1698147213e+00,8.7950996383e+00,2.6443389490e-01
0,269,-3.0518263523e+01,-1.7975537091e+01,-4.3390567505e+01,-2.8189561785e+00,4.8789942869e+00,3.8931786171e+00,1.0151681829e+01,3.7392358639e-01
0,270,-3.1136133466e+01,-7.8264464894e+00,3.1357770079e+01,-4.6818849396e+00,-3.8235718472e+00,-1.1893553083e+00,4.2575027054e+00,-5.0078294682e-01
0,271,-3.6066714202e+01,3.8118304260e+01,4.1259869650e+01,-1.1437183787e+00,-2.1302305428e+00,1.0689316998e+00,4.0404670784e+00,6.5064328054e-01
0,272,-2.1666170876e+01,1.5737327172e+01,4.2733215677e+01,4.7641435544e+00,7.4354743387e-01,2.0684212060e+00,7.0863130289e+00,5.3834421632e-01
0,273,-4.7291325078e+01,1.7472562784e+01,4.8727649031e+01,-4.8501382209e+00,6.4043489082e-01,4.0244467319e+00,8.0194797111e+00,5.0536430883e-01
0,274,-1.7581979217e+01,1.5525671428e+00,2.8449366045e+01,-5.8176976889e-01,3.9659014060e+00,-3.8975606947e+00,7.9143154970e+00,-9.2815400284e-01
0,275,4.9142697360e+01,1.0403024573e+01,-7.8448839289e+00,-2.2159608115e+00,-2.8907658429e+00,2.2559786855e+00,2.0372555866e+00,-1.1476586113e-02
0,276,-1.1702886020e+01,-4.6894228457e+01,-2.9323938084e+00,4.5732588319e+00,2.3789983603e+00,-4.2069263566e+00,8.2649799135e+00,5.2997317050e-01
0,277,2.5403299218e+01,2.1377448119e+01,2.7997276316e+01,-1.8192351921e+00,1.1621915391e+00,-1.8079265728e-01,1.7075863521e+00,8.8079872349e-01
0,278,4.9744640570e+01,3.5525229567e+01,-1.1777761514e+01,3.9403654630e+00,4.6549622666e+00,-4.2634606591e+00,1.0299595449e+01,9.1384639959e-01
0,279,1.7768418029e+01,-1.4848929488e+01,-2.6467288181e+01,3.8860759600e+00,-4.2289142680e+00,-1.6094732269e+00,4.8286930247e+00,-7.9840573985e-02
0,280,-1.2988960726e+01,3.5354536439e+01,-8.2594404268e+00,-3.9198977169e+00,4.3285272919e+00,-3.5609641339e+00,9.7299681356e+00,3.7377144181e-01
0,281,3.5767806827e+01,1.5296957672e+01,-4.9503779830e+01,-2.6102778281e-01,-3.6510968947e+00,-4.2427916309e+00,5.1429658347e+00,-7.3532656847e-01
0,282,4.3097313257e+01,2.9651896832e+01,-4.7362673840e+01,3.9646935877e+00,3.7017290242e+00,4.5633280648e+00,9.5339255810e+00,9.5714164477e-02
0,283,-1.9215648886e+01,-4.1128032371e+01,-6.3535322232e+00,-1.1504791566e+00,-7.2227646398e-01,3.1933398024e+00,9.4503179735e+00,5.9576549269e-01
0,284,1.7287934463e+01,-2.3756260692e+01,4.0589297465e+01,1.0573207336e+00,-9.3659020305e-01,2.7888978775e+00,3.9261779380e+00,-4.7196190500e-01
0,285,-6.8140635997e+00,-2.0242000450e+01,2.3791626968e+01,6.6749674532e-01,-1.2669916760e+00,-3.4778714732e+00,7.9908639076e+00,-3.9145207004e-01
0,286,4.4873182101e+01,2.2545965236e+01,-2.9925667671e+01,3.1890472296e+00,1.8179245884e+00,-4.4586411861e+00,4.6676180519e+00,9.7927193995e-01
0,287,-3.5714444232e+01,3.0322648296e+01,-1.2541194569e+01,7.0627911282e-01,1.2256046320e+00,-2.8038014880e+00,4.6851065716e+00,-4.0912038526e-01
0,288,-1.7942755724e+00,-2.2559636865e+01,4.0117188073e+01,3.8839822444e+00,-4.4670658137e+00,-3.0621032594e+00,2.5241727147e+00,-2.9694433804e-02
0,289,-8.6303299799e-01,3.9033354115e+01,-4.4809754284e+01,3.6467050242e+00,-4.5745360663e+00,2.5098884793e+00,2.6894446694e+00,9.8255642875e-01
0,290,-2.3551499715e+00,-1.3031220931e+01,3.1018293733e+01,-3.4175904134e+00,-7.6176327922e-01,-3.2305525794e+00,2.4787692816e+00,1.3335845952e-01
0,291,4.8017122502e+01,2.2464982477e+00,-3.6269285943e+01,1.0273168776e+00,2.4208483414e+00,5.8177977362e-02,9.9817149513e+00,-5.5171584410e-01
0,292,2.8022142909e+01,2.9934337540e+01,-3.8745969808e+01,3.3351484772e+00,4.9313304992e+00,-2.3504242615e+00,4.1866763035e+00,-3.0994561050e-02
0,293,-3.4470888546e+01,-1.2942991202e+01,-1.5082677857e+01,-3.0216249162e+00,-3.7844106456e+00,1.8117688838e-01,2.8911572229e+00,1.9601487145e-01
0,294,3.8780547953e+01,4.9929865962e+01,2.5624839438e+01,-1.8837084886e+00,-3.2375659879e+00,4.0412532301e+00,9.7830838090e+00,-6.8717074752e-01
0,295,-7.3409694980e+00,-4.8438447899e+01,2.5914631400e+01,-3.3132486131e+00,2.1433318742e-01,1.5731780914e+00,4.9281721711e+00,-3.9669050528e-01
0,296,-4.3338815935e+00,5.3575190275e-01,-3.6483040539e+01,-5.0205766480e-01,2.7031509288e+00,-4.6162774575e-01,1.0342969530e+01,8.5121241577e-01
0,297,3.2440731340e+01,-2.1652982557e+01,-3.7655628420e+01,4.4596624884e+00,3.0158786327e+00,-1.8744056192e+00,6.4397368456e+00,3.7878668466e-01
0,298,-1.8814190230e+01,-1.9977792152e+01,-4.9897750700e+01,-1.1898501083e-01,-2.9565259898e+00,3.7933087390e+00,7.4451612516e+00,2.6187541301e-01
0,299,3.9494639490e+01,-9.6337560842e+00,2.9961284520e+01,-8.3620286818e-01,-4.3901975217e+00,-3.0756993816e+00,8.1803446054e+00,3.5282863786e-02
0,300,1.9778758134e+01,3.5320405516e+01,4.6743566588e+01,-3.1897326248e-01,-1.9295871989e+00,4.0173261841e+00,4.9370888117e+00,-7.3710281390e-01
0,301,-3.1479720763e+01,1.7152596972e+00,-4.2258515811e+01,4.8679065564e+00,3.2971203552e+00,1.2138852646e+00,7.7618399750e+00,-7.1685973449e-01
0,302,4.2161060494e+01,1.7720649050e+01,1.2967163167e+01,-3.7404199404e+00,5.6537363937e-01,-2.2581224317e+00,8.5689571246e+00,-9.7032483247e-02
0,303,1.7785019599e+01,5.6508557199e+00,3.6786347156e+01,2.3883044382e+00,2.4893861951e+00,8.5897931636e-01,3.5647187524e+00,-1.0654759924e-01
0,304,-6.0898013208e+00,-2.7609245934e+01,4.1482887413e+01,2.4614326691e+00,-3.7435984093e+00,-1.9146224469e+00,9.7759186042e+00,-3.7831409712e-01
0,305,3.2569035228e+01,4.5500670232e+01,-2.0236639292e+01,1.5540238733e+00,7.6395228308e-01,4.7381760458e+00,8.9697252009e+00,-3.9883344453e-03
0,306,1.5102409509e+01,-7.3355848237e+00,1.2396383873e+01,-2.9243854144e+00,2.0083190859e+00,-1.1914044927e+00,7.5904521740e+00,-2.4263579177e-01
0,307,4.3736810840e+01,2.6908688493e+00,-3.8248745253e+01,1.8630672744e+00,-3.8719337987e+00,-1.2601557729e+00,2.3303292735e+00,1.0381721384e-01
0,308,9.7891963831e+00,-4.5213819898e+01,-2.0194812664e+01,2.2353212290e+00,-1.4360044368e+00,-3.2435626668e+00,1.3437507387e+00,-6.3582018280e-01
0,309,-3.6934956483e+01,-1.6799131905e+01,3.3749229593e+01,2.0704566348e+00,-1.9417371447e+00,1.3446481602e+00,3.0505149625e+00,9.1370076123e-01
0,310,-4.3889103268e+01,3.2901533499e+01,-3.3558816129e+01,2.6194087591e+00,-2.9012511428e+00,3.2345705611e+00,2.4062297956e+00,-7.0551401270e-01
0,311,-1.4963425540e+01,-2.4186447297e+01,3.3354972109e+01,-3.6827635270e-01,1.3211994974e+00,4.6658264844e+00,1.1508097118e+00,-5.3997617380e-01
0,312,-4.8555555101e+01,-1.8686715545e+01,4.5354403600e+01,-1.2915599422e+00,-1.1223421670e-01,4.8791911033e+00,6.5293391438e+00,2.3885402700e-01
0,313,-1.8007220918e+01,-1.0957379016e+01,-1.7352732302e+01,1.2575407635e+00,-4.7510897460e+00,3.1524173232e-01,6.8260445650e+00,-8.2800001457e-01
0,314,-1.3946049225e+01,2.4701629567e+01,3.4794086863e+01,7.0414393475e-01,7.0473351316e-01,4.8856384819e+00,8.1765738713e+00,8.4167819183e-01
0,315,-2.5330062525e+01,5.1207107748e+00,-1.1598853982e+01,3.7881932495e+00,1.7789755723e-01,-1.0090756863e+00,2.0883123759e+00,6.4468410362e-02
0,316,2.1222527638e+01,-4.3762472642e+01,4.0307821096e+01,-2.9899814576e+00,-4.4970561655e+00,-4.3987875126e-01,9.2042886774e+00,-2.5955565146e-01
0,317,3.4643833472e+01,-3.5309845575e+01,4.9597625108e+01,3.7132936058e+00,1.7842571748e+00,7.8580707115e-01,1.0573293533e+01,-9.2206954952e-01
0,318,-1.7440299768e+01,3.0527022193e+01,1.0937961871e+01,3.9607035410e+00,2.9383406965e+00,-1.7296299416e+00,9.1690944956e+00,-9.1893311121e-01
0,319,3.7824411359e+01,-2.9907909026e+01,4.1935276935e+01,-1.0396613069e+00,1.0001334110e+00,-4.7181599353e+00,1.0282680745e+01,-3.7552276597e-01
0,320,-4.0944071995e+01,3.3134628499e+01,1.3240471256e+00,-3.5914633649e+00,-2.1264159061e+00,-1.6633066100e+00,6.1107583824e+00,-7.3240651271e-01
0,321,-1.9429116752e+00,7.0520888581e-01,-4.9487389624e+01,-3.4100339927e+00,-4.1436720449e+00,4.6245545752e+00,2.9796182597e+00,-1.7754040341e-01
0,322,2.6772567898e+01,3.0734144468e+01,-1.9269984807e+01,6.1559748166e-01,-3.6562154995e+00,-3.7579039898e+00,7.0209319256e+00,-9.7475487272e-01
0,323,-1.7486948924e+01,2.1445961446e+00,-9.1343567051e+00,4.2514385233e+00,4.9629968381e-01,-1.6307549303e+00,3.3738246888e+00,2.8037849687e-01
0,324,-3.3172920851e+01,2.5062294060e+01,2.8104291241e+01,-4.4370799113e-01,-4.1570772087e+00,-2.0788124982e+00,6.8942594453e+00,1.2972632476e-01
0,325,2.9917083904e+01,9.4552048759e+00,2.2385976311e+01,3.8480363455e+00,5.7007505818e-01,4.2182158908e+00,3.9603343238e+00,-3.5053363133e-01
0,326,2.2916303376e+01,1.0333358431e+01,3.8629293250e+01,3.6354148382e+00,2.2754318580e+00,-1.1613874934e-01,9.7616404746e+00,-8.9465260780e-01
0,327,-4.9016791395e+01,-2.1517952006e+01,4.7781754843e+01,5.9462054427e-01,1.2174498691e+00,-2.8479998269e+00,2.9965130286e+00,5.8003155681e-01
0,328,4.6582295791e+01,4.8069421527e+01,-2.5435502117e+01,-4.4988476343e+00,-2.2718703501e+00,3.3507092383e+00,7.1497839895e+00,-8.5603239287e-01
0,329,-7.0377027882e+00,-1.6116183794e+01,4.5678743811e+01,4.8663047794e+00,-2.3934024933e+00,-2.4717912951e+00,4.1136366181e+00,9.7964556887e-01
0,330,3.5615445481e+01,-3.0234340616e+01,3.5336426825e+01,8.3697640143e-01,1.8604271891e+00,2.2952831524e+00,7.3637133671e+00,3.9174961084e-01
0,331,-4.8565120482e+01,1.1418888467e+01,-2.4466314062e+01,1.3609378209e+00,3.2938890198e+00,-4.5011837755e-01,5.2610956050e+00,5.9042371884e-01
0,332,-6.4317622950e+00,1.7175453933e+01,3.4532709599e+01,2.0849534204e+00,6.8254626854e-02,-3.9694505064e-01,8.8047914560e+00,8.7289686961e-01
0,333,2.9914365699e+01,2.3726658371e+01,4.2307891227e+01,-4.4019659280e+00,4.9008745420e+00,-2.6555742638e+00,1.4962619164e+00,6.9248381708e-01
0,334,-6.7900832076e+00,4.0299045988e+01,-7.0060451315e+00,-3.8185811363e+00,1.3251877466e+00,-4.3368911507e+00,9.1401669179e+00,2.9373513967e-01
0,335,1.8049976960e+01,-4.3064644883e+01,-2.1703864807e+01,9.8886715760e-02,2.4341713416e-01,2.0907091243e+00,4.0510053053e+00,9.2004818186e-01
0,336,-1.1917454871e+01,-3.4957237348e+01,1.6851943250e+01,3.8765091444e+00,1.1073312145e+00,-5.1001421898e-01,9.2409934878e+00,-1.8024644404e-01
0,337,-3.1373483865e+01,2.4717826105e+01,-3.0319814817e+00,-3.2364738492e+00,4.8162083467e+00,1.9306376818e-01,1.2259452316e+00,-1.7255999575e-01
0,338,-7.7703163762e+00,-4.7465928154e+00,3.1861888958e+00,-4.4518438910e+00,1.8844956774e-01,-1.5412141972e+00,8.0168318073e+00,-6.0131054726e-01
0,339,-8.4767868549e+00,4.8464453266e+01,2.0923339795e+01,4.3957384533e+00,1.9371544462e+00,-4.8566607199e+00,9.9959793580e+00,-8.5091820818e-01
0,340,-3.3523844547e+01,6.8117367834e+00,4.6219181035e+01,2.7549467598e+00,-4.8288405453e+00,2.8629115866e+00,2.8537145349e+00,-5.9323778636e-01
0,341,3.3469419243e+00,1.5505163914e+01,-1.2026627810e+01,1.5090253910e-01,-3.2564198450e+00,-9.7671754471e-01,1.0288102560e+01,1.9330970440e-01
0,342,3.5486231738e+01,-3.9327855473e+00,1.5147046309e+01,-1.2629272585e+00,3.0655072527e+00,-1.4684635664e+00,6.7305200052e+00,-5.5643428748e-01
0,343,-1.6220182398e+01,-2.1771460200e+01,-3.3864329887e+01,-4.6848637982e+00,-2.0338067399e+00,-4.3904536354e+00,2.0605451609e+00,-7.7238237987e-02
0,344,1.2907200476e+01,-4.3175367402e+01,-2.6312444348e+01,1.4618795023e+00,3.5453748510e+00,-7.7752989520e-01,9.4956905751e+00,-2.2398619225e-01
0,345,-4.2270135084e+01,-2.7069722105e+01,4.0309715779e+01,-2.4834333535e+00,1.3163102448e+00,3.3190741382e+00,9.4831151685e+00,-2.7013316297e-02
0,346,-2.0742044212e+01,-2.1802051934e-02,3.6020061600e+01,-4.0086971731e+00,3.5293562331e+00,-6.6747383944e-01,4.2091313941e+00,-6.1853240226e-01
0,347,2.1553801406e+01,-1.7730159460e+00,-2.7775258095e+01,-4.8784266039e+00,4.3224477462e-01,-1.7169806439e+00,5.7353822061e+00,-6.5540703649e-01
0,348,-1.0345173842e+01,2.1041377760e+01,3.1848443198e+01,-2.4891425378e+00,-3.6733921239e+00,1.6805348902e+00,7.3909265056e+00,-5.8008112646e-01
0,349,3.9735626844e+01,4.2189807884e+00,-3.8383898576e+00,2.8987292447e-01,-1.2590277876e+00,-1.9007238172e+00,1.1548063383e+00,3.3335355918e-01
0,350,3.0970959776e+01,3.7568124983e+01,2.6580706228e+01,1.6264522060e+00,-1.9106613458e+00,-4.1327979877e+00,9.5337901947e+00,-9.5105624197e-01
0,351,6.8990042232e+00,-4.2437356148e+01,-4.6337078091e+01,-3.8778548077e+00,-9.6071625872e-01,1.0167439706e-01,3.8451100098e+00,6.0095327143e-01
0,352,-2.7941878316e+01,-3.9700456750e+01,-4.4843761807e+01,-1.4675799555e+00,2.7104892199e+00,1.9065503249e+00,6.6320144123e+00,3.3681037991e-01
0,353,-2.6715516009e+01,-4.7518245735e+01,-3.0260751806e+01,1.0694206162e+00,-1.6525483907e+00,-2.8712688377e+00,3.7361884074e+00,-7.1109048357e-01
0,354,-4.1144563440e+01,-4.6057409745e+01,3.0709997928e+01,-1.0251176851e+00,-3.7385389575e+00,1.6047899828e+00,5.2196011051e+00,3.9027229296e-01
0,355,2.3610543680e+01,-4.1410670402e+00,3.0735066571e+01,-3.5996618954e+00,4.6875676977e+00,-4.0813833378e+00,1.0405104466e+01,-6.2132402771e-01
0,356,-3.0514290128e+01,4.9207282858e+01,4.2579991064e+00,4.6590602070e+00,1.8272786060e+00,-3.9421856818e+00,7.3431121019e+00,8.3114540103e-01
0,357,-3.6940102553e+01,3.3170369260e+01,2.2514761669e+00,-3.4655864599e-01,-4.5542319163e+00,2.9613360241e+00,7.0979889408e+00,-7.3373765207e-01
0,358,3.3555950543e+01,-8.3101127103e+00,3.0619405457e+00,4.6170560967e+00,-4.2262212929e+00,4.5257951643e+00,7.5684175568e+00,6.2696661597e-01
0,359,-8.8831154438e+00,-3.5807579074e+00,4.5351711845e+01,-1.2007438513e+00,5.6054087149e-01,3.9402756463e+00,6.6926360148e+00,5.0182237174e-01
0,360,3.8610039274e+01,-3.8815640793e+01,2.1681720657e+01,6.8828252875e-01,-2.8237497610e+00,-1.4887158370e+00,5.8440095339e+00,-3.0355200232e-01
0,361,-3.1716789157e+01,-4.9308428541e+01,3.1356813424e+01,-2.7259108320e+00,3.0304931747e+00,-7.6632972144e-01,4.6054009123e+00,2.7721764486e-01
0,362,3.4026590075e+01,3.9115949669e+01,1.0031443164e+01,4.1764377193e+00,3.4373901265e+00,-2.4284381314e+00,8.3112707945e+00,-4.9018428358e-01
0,363,2.2134860778e+01,1.8464419743e+01,1.3483347308e+01,-2.2259730553e+00,7.8671762058e-01,-2.9590292591e+00,1.2831387987e+00,-7.0455691344e-02
0,364,-1.8405933384e+01,2.4513108644e+01,-4.6639959280e+01,3.3565690524e-01,-4.0374049726e+00,1.8001360594e-01,9.8178968936e+00,-4.4181677766e-01
0,365,2.4917075189e+00,1.9535782314e+01,6.5005284299e-01,-1.7203360781e+00,-3.8127514901e+00,3.6704061966e+00,1.0665752146e+01,9.1798150349e-01
0,366,2.5820011588e+01,6.6889645796e+00,3.7663452322e+01,1.0193912853e+00,3.2404583265e+00,1.0776160220e+00,9.5684698674e+00,9.0788879940e-02
0,367,-2.0759420037e+01,-8.3195406517e-01,3.2279713444e+01,3.7107756169e+00,1.9577753390e+00,3.5111101477e+00,4.3584971555e+00,-9.7656360081e-01
0,368,9.6242100744e+00,-1.3054987724e+01,4.5283890118e+00,1.9250160348e+00,3.8745148335e+00,-7.2926420985e-01,1.0715932151e+01,-1.7526288292e-01
0,369,-3.7756859785e+01,-2.1906256919e+00,2.4033495073e+01,-2.5884374686e+00,-1.5486563773e+00,2.0691016536e+00,3.0014700443e+00,-7.9333104463e-01
0,370,-2.2620018931e+01,-4.2321847236e+01,2.0527360621e+01,-4.0215435666e+00,1.8454312984e+00,6.2120592483e-01,7.4324008331e+00,9.5389785895e-01
0,371,-4.4619894817e+01,-3.3962782255e+00,3.4802649070e+01,2.4957858573e+00,-1.8285176795e+00,-3.1612379375e+00,8.6129678533e+00,8.2678066559e-01
0,372,5.3326329008e+00,-1.9341932456e+01,1.0589193628e+01,-5.9222187642e-01,2.3365425446e+00,7.7485150927e-01,9.5314637090e+00,7.1217131322e-01
0,373,-4.4442110646e+01,9.3481321164e+00,-4.0275809071e+01,-9.9286744184e-01,-1.9960851395e+00,-2.0261108582e+00,6.0404773350e+00,1.4838259441e-01
0,374,-1.2582955818e+01,-2.9067866029e+01,1.7203694054e+01,-4.4128642880e+00,2.7144193220e+00,-1.8472297661e+00,1.3566250067e+00,6.5048596805e-01
0,375,2.8131424113e+01,3.8368899137e+01,7.4821569293e+00,-4.0153752728e+00,-4.3243480284e+00,-1.6388164538e+00,1.1185280551e+00,2.4178305326e-01
0,376,1.4269903006e+01,1.1774474178e+01,-4.3833066148e+01,-1.2364671595e+00,-3.0477010776e+00,4.1481570942e+00,3.3243894066e+00,-4.9838242843e-01
0,377,8.2970301194e-01,-1.7031915005e+01,1.5152204160e+01,3.0868851664e+00,1.2706976413e+00,-3.4443022536e+00,4.8287981338e+00,-9.9751958903e-01
0,378,-1.3510888565e+01,-4.4508324654e+01,-4.4004622285e+01,-3.6366695346e+00,-1.2980622315e+00,-4.0438372218e+00,1.0615760306e+01,-6.9698396404e-01
0,379,4.7930526919e+01,3.6397599865e+00,-2.5002950931e+01,-4.5312953366e+00,3.7251595448e+00,-2.3817670380e+00,7.6776199297e+00,3.0429968159e-02
0,380,3.7956803799e+01,2.2943133150e+01,3.9156826813e+01,-4.2520207023e+00,1.4424704045e+00,-3.7599279167e+00,4.2560671555e+00,-6.9491185979e-01
0,381,-4.6311941252e+00,4.7712875715e+01,4.6123258675e+01,-4.1924217759e+00,-3.6730146821e+00,-1.5588760034e+00,1.8199802836e+00,-4.8207077220e-03
0,382,-1.0097084688e+01,-3.5804819449e+01,1.3392269268e+01,2.6922293043e+00,-2.6243191667e+00,9.5498723255e-01,1.0207309484e+01,-5.6625329590e-01
0,383,-3.6810367735e+01,-3.2929856136e+01,-2.3625618161e+01,-4.9558772333e+00,-6.7475264691e-01,4.3150581137e+00,6.1962726075e+00,-3.7581445434e-01
0,384,1.6093714240e+01,-8.8804471581e+00,-1.1310929694e+01,-1.9481581761e+00,3.5202737216e-01,2.1249741861e+00,5.5772825296e+00,9.7778159193e-01
0,385,1.8962617577e+01,-8.1039160761e+00,-4.3035138209e+01,3.2232470756e+00,2.6307323937e+00,-3.4835335372e+00,4.1991435323e+00,-6.7579521596e-01
0,386,-2.0640154821e+01,4.5383704638e+01,4.3132532245e+01,3.1166535118e-01,4.9335769168e-01,3.5205627040e+00,8.4803988764e+00,3.6246418364e-01
0,387,-4.7724229096e+01,-4.8821629444e+01,1.8564436849e+01,-4.4717555654e-01,4.4328951740e+00,-2.9472837122e+00,8.6737521718e+00,2.0845331867e-01
0,388,1.1646715720e+01,-3.4573408023e+01,4.0941084219e+01,-3.4833010605e+00,3.6676333885e+00,-1.3286090532e+00,2.4056068945e+00,1.1277902830e-01
0,389,2.8609993392e+01,-2.8979069218e+01,-1.2128577876e+01,4.9173172819e-01,-1.3814404590e+00,1.9862857447e+00,8.1127556530e+00,3.1090881271e-01
0,390,1.5246562038e+01,1.4260088729e+01,-3.1337905899e+01,-2.9819861092e+00,-5.3428423150e-02,4.3466082864e+00,9.8303348091e+00,3.4829733444e-02
0,391,4.4644453467e+01,6.8677848935e+00,4.7269731107e+01,3.8973405160e+00,2.7394947772e+00,2.4007252778e+00,5.9396071047e+00,-2.1916673017e-01
0,392,3.9433844802e+01,-9.6628447807e+00,4.2086528867e+00,2.6110178640e+00,2.7051064687e+00,1.8264721878e+00,4.1749130009e+00,1.1322116159e-01
0,393,3.9285652660e+01,1.9620552133e+01,-3.9421624685e+01,-2.4528751976e+00,-1.0516590467e+00,3.1705931845e+00,1.0101668866e+01,-9.0540056858e-01
0,394,-4.0339794262e+00,-4.0321217240e+01,-2.5089889520e+01,4.5431736342e+00,-4.6855134422e+00,-3.6786541430e+00,5.7173222968e+00,9.5578638090e-01
0,395,2.0081243464e+01,-5.5570459718e+00,3.6762724159e+01,-2.5238087645e-01,-3.1549793240e+00,-1.3841204794e+00,9.6517854727e+00,-8.4231896971e-01
0,396,2.6495950425e+01,-9.2734924328e+00,3.3994230155e+01,3.5470151126e-01,-4.1008770601e+00,-3.4256639883e+00,1.9208073145e+00,9.6553764118e-01
0,397,3.5363912250e+01,-3.0213551540e+01,-2.6251869917e+01,-2.5152678217e+00,-4.8507619695e+00,-3.5235181304e+00,3.9577293354e+00,-5.0831982424e-02
0,398,-2.5556398544e+01,4.4874038335e+00,-7.1098628254e+00,-2.2411532920e+00,1.7700862404e+00,4.0063360143e+00,3.5377786078e+00,-2.4435788265e-01
0,399,-1.5493685876e+01,-3.7859489763e+01,3.5258297103e+01,2.9565208838e-01,-1.7006945571e-01,2.1776151784e+00,7.0840572445e+00,-5.0409488357e-01
0,400,-3.7497340696e+01,-5.1651974466e+00,2.8342270934e+01,-2.8506111250e+00,1.0578162717e+00,3.7550344080e+00,2.9770770762e+00,-8.1158501600e-02
0,401,-4.2663207461e+01,-6.4810991550e+00,2.0789396703e+01,-4.1170827156e+00,8.2837195873e-01,-4.9633309990e+00,6.6287573723e+00,6.5454642086e-01
0,402,4.8540938901e+00,4.9177710898e+01,-3.9684211924e+01,-2.7445043753e+00,3.9241070994e+00,-1.4306425799e+00,7.0337062115e+00,-5.2505229857e-01
0,403,-2.1659155619e+00,-4.4046408284e+00,2.6703905955e+01,4.6133389881e+00,-3.2628489091e+00,-1.2455521646e+00,3.0928645656e+00,-4.0251659481e-01
0,404,3.2379280954e+01,4.9270916637e+01,1.3680590090e+00,-7.0425563758e-01,3.6821260670e+00,2.1138829771e+00,9.8899518544e+00,8.8316106418e-01
0,405,-3.5342269384e+01,9.6889152470e+00,-4.7012773993e+01,2.2941450203e+00,1.0055605257e+00,9.2747997303e-01,6.5668771200e+00,-7.0180601799e-01
0,406,8.4525105816e+00,1.5984559323e+01,-1.2535344606e+01,-2.3064184712e-01,-4.8321866523e+00,4.7801717509e+00,8.1440966600e+00,-9.7556416922e-03
0,407,-6.6029233190e+00,-1.8551274444e+00,-4.3543922502e+00,1.0768587590e+00,3.5689350909e+00,1.6574253406e+00,1.0064275785e+01,3.6137263633e-01
0,408,1.5845169996e+01,-7.9891831884e+00,-3.8973924606e+01,2.6664306655e-01,-3.6850353417e+00,4.9925593985e+00,5.6824483828e+00,-4.4385245603e-01
0,409,9.6145091856e+00,-1.8829011833e-01,-4.9251172645e+01,-3.0329885604e+00,-4.0913490435e+00,6.4175985551e-01,4.4579813543e+00,3.5078040387e-01
0,410,-2.7597842169e+01,2.2044468937e+01,-3.4767398324e+01,-2.5919708691e+00,1.9846186400e+00,3.6673568323e+00,8.3592509224e+00,-7.3513473931e-01
0,411,-1.5181559168e+01,-3.0761883073e+01,2.4011850671e+01,-2.9492208306e+00,3.5812370379e+00,1.4654608473e+00,9.8576423558e+00,3.3150806573e-02
0,412,-4.3334574715e+01,4.9602498952e+01,-4.5676029052e+01,-3.0184928132e+00,4.9528092891e+00,1.1484548222e-01,5.7622449066e+00,1.8285204060e-01
0,413,-4.9039835343e+01,-1.6287235784e+00,2.8812716472e+01,-3.9953325777e+00,-4.5211125070e+00,-3.6607470031e+00,8.7585694416e+00,-4.5617934384e-01
0,414,3.5436998906e+01,4.2818296139e+01,1.2713241164e+00,5.2831852600e-01,2.9491864415e+00,-2.5136166660e+00,7.8526448341e+00,-7.1379389601e-01
0,415,-5.8980497326e+00,-7.4617010343e+00,-1.5181903106e+01,-2.0085679400e+00,-4.2807092607e+00,-2.6605479595e+00,9.1571860975e+00,-7.2283334645e-01
0,416,-2.7002980642e+01,3.5895831923e+01,-1.6326595455e+01,-2.7474887798e+00,-1.2955713301e+00,3.1295853612e+00,9.1667714278e+00,-2.3991097288e-01
0,417,-2.0332870013e+01,1.0480430704e+01,-1.9488743748e+00,-1.5543995037e+00,2.3872960673e+00,-2.4363180005e+00,7.1647037771e+00,1.8619919065e-01
0,418,-3.1544883913e+01,-3.7081638159e+01,-3.5406855254e+01,4.7946980502e+00,-1.2217804819e+00,3.3119593087e+00,2.2257285655e+00,6.3768290991e-01
0,419,-2.4342107994e+01,-2.9246174045e+00,-3.8201533951e+01,-1.7149200555e+00,2.0469903001e+00,4.3370327024e+00,5.6709132123e+00,8.6933844717e-01
0,420,2.9266158947e+01,3.0382536715e+01,-3.4007965440e+01,-3.3689554401e+00,1.1678390280e+00,4.7659748838e+00,6.4314897002e+00,8.2691040627e-01
0,421,8.1401794954e+00,-4.7633977420e+01,-2.4198474770e+01,-1.7986859879e+00,-2.1997157425e+00,3.7448563002e+00,1.0132309965e+01,-7.0840825825e-02
0,422,-4.9633075204e+01,-4.4083755647e+01,-5.5950608363e+00,-1.1850879976e+00,3.9035837487e+00,6.6622248649e-01,3.0033265473e+00,-7.0612541107e-01
0,423,-4.6262392586e+01,-1.8168268478e+01,-2.4554711079e+00,2.4207510415e+00,-2.4797941453e+00,4.4253661062e+00,7.7674432773e+00,-9.1063565105e-01
0,424,2.4636197730e+01,3.3666467333e+01,-2.9221336953e+01,-1.3685412036e+00,3.1326216125e+00,2.5093560049e+00,3.7660108231e+00,-2.1067208853e-01
0,425,2.7459582629e+01,3.4616334613e+00,2.1479535695e+01,-4.4537574795e+00,-9.0898035835e-01,1.2802635302e+00,6.1920383913e+00,-1.7445757481e-01
0,426,1.8718879655e+01,4.6325323077e+01,2.9426241284e+01,7.7547170956e-01,2.9875478954e-01,4.9459506757e+00,8.2448446589e+00,1.3450310618e-01
0,427,-1.8708761767e+01,-3.0007024566e+01,-1.9067334276e+01,6.4932967799e-01,-3.5753363551e+00,4.8607098497e+00,7.0961514228e+00,7.7765668359e-01
0,428,3.2273565783e+01,3.1740177321e+01,-2.4802577856e+01,1.3599781861e+00,6.8337373234e-01,2.8575303745e-01,1.3066177388e+00,-3.1413360094e-01
0,429,-4.3680836164e+01,2.4545713083e+01,-1.0244254843e+01,-2.7706397477e-01,-1.2651651661e+00,4.1676129071e+00,9.8506481512e+00,-8.7865544105e-01
0,430,3.8001452101e+01,1.7932722749e+01,1.3821945090e+01,-9.0110000032e-01,1.7392229460e+00,-1.3729608368e+00,1.0771415531e+01,9.7366935479e-01
0,431,6.2633670663e+00,-2.1353179017e+01,5.1767644729e+00,2.0510003562e+00,-2.2746080567e+00,-3.3861721300e+00,6.9392837695e+00,-8.0945029660e-01
0,432,4.7878456022e+01,3.4590259839e+01,2.3127267032e+01,4.7121932985e-01,-1.2552209786e+00,2.6193444420e+00,9.9005513251e+00,-1.2466091901e-01
0,433,7.3915745632e-01,-2.1238741638e+01,4.0996314302e+01,3.8087505795e+00,-2.9562612613e+00,2.9502795813e+00,1.0415473379e+01,-8.3122321024e-01
0,434,-2.5644814840e+00,7.9766788324e+00,-5.7216051527e-01,-3.5172252024e+00,4.4247070464e+00,-2.8580052559e-01,2.3511215669e+00,1.0208749683e-02
0,435,2.5788815774e+01,1.8687980142e+01,-2.8979559000e+01,-4.6957264839e+00,3.4826258842e+00,3.0413278742e+00,2.2570220378e+00,6.5409429635e-01
0,436,1.5003538535e+01,3.5697487409e+01,-1.2583091884e+01,-4.7548671298e+00,1.1890931829e+00,-2.3577578679e+00,5.6218282751e+00,-7.4739821523e-01
0,437,5.1836797293e+00,-1.2785402947e+01,-4.9282404966e+01,2.5621067116e+00,-3.3282607181e+00,4.4872328823e+00,9.4059906604e+00,2.8305822671e-01
0,438,2.8490076088e+00,-1.6512253958e+01,2.8980659311e+01,-2.9039219734e-01,3.0629740833e+00,4.2491874980e+00,1.0760651551e+01,1.2837113120e-01
0,439,1.1179855122e+01,-3.1373043489e+01,9.4612917208e+00,-3.9938860824e-01,4.9040235253e+00,2.2031512098e+00,3.8710828735e+00,2.8087547481e-01
0,440,7.7289995075e+00,1.6127736851e+01,1.6495102489e+01,-3.0380068710e+00,4.2550158171e+00,-3.7286614807e+00,4.2250020528e+00,-4.5323242920e-02
0,441,-7.2017754462e-02,-1.7032384438e+01,-2.6645095030e+01,1.6645375065e+00,-2.2160055662e+00,-4.2585188473e+00,4.0798286400e+00,6.1377903894e-01
0,442,-9.0974423844e+00,-4.0221054335e+01,-2.2214970073e+01,-2.8467701598e+00,-4.7729179355e+00,-2.4608454562e+00,8.7950854962e+00,2.6901351533e-01
0,443,-5.9814980514e+00,-1.2587853364e+01,-4.0543210362e+01,-6.9412628454e-01,-4.0556341266e+00,-1.1832381627e+00,1.7102510849e+00,3.4345316484e-01
0,444,-4.5704644823e+01,2.3597613337e+01,3.6792589532e+01,4.6845513394e+00,3.6310998577e+00,-3.0957389987e+00,5.4579351202e+00,-2.7522038448e-01
0,445,2.0102256220e+00,1.7934256172e+01,-4.7115644159e+01,2.9850169960e+00,2.5349067745e+00,-1.6317357759e+00,7.0539121907e+00,-6.7496749371e-01
0,446,-6.5384120944e+00,3.8324151835e+01,-1.2216076284e+01,-4.2675914496e-01,-3.6284302774e+00,-3.4265221369e+00,1.9183084271e+00,1.5468398349e-01
0,447,3.1469252674e+00,-3.1360126045e+01,-4.9207063717e+01,1.2590584002e+00,6.8074923273e-01,-4.2104552822e+00,3.9763242197e+00,2.2205695101e-01
0,448,3.1493060515e+01,-3.3444168318e+01,7.9483608985e+00,1.7804059045e+00,-1.4401558258e+00,-4.7472287946e+00,1.4043039821e+00,7.5217334728e-01
0,449,2.0461968272e+01,-4.3072604338e+01,1.7458837278e+01,-4.1889640289e-01,-9.3899620973e-01,-2.2002040861e+00,7.2062661286e+00,6.8143251617e-01
0,450,-3.3677889027e+01,4.9846585002e+01,-2.0195965641e+01,-1.9962191801e+00,-3.4418636413e+00,-1.1012881371e+00,9.7772007421e+00,3.7456577708e-01
0,451,7.6269925840e+00,3.8564943703e+01,-1.8681127144e+01,-3.5565515089e+00,4.6460390881e+00,1.1082115053e+00,8.5537332462e+00,5.5906902792e-01
0,452,2.7637946782e+01,-1.6514306686e+01,-4.2424896053e+00,-3.6763611523e+00,-1.3986594632e+00,-1.9944978422e-02,1.0845055795e+00,-8.7049252813e-01
0,453,6.7279458776e+00,1.8303893073e+01,2.2864095644e+00,4.7337983780e+00,4.6301852258e+00,-3.5650929197e+00,9.1409609589e+00,-7.4752073630e-01
0,454,-3.5804344241e+01,-3.8786356099e+01,-7.3382286156e+00,-2.0222980655e+00,2.0076252995e-02,-1.9566221242e+00,1.0850530825e+01,-8.4344489772e-01
0,455,-3.1001277538e+01,-2.0175818945e+01,-2.7737759975e+01,-3.4540886704e+00,4.0906296107e+00,4.7799572487e+00,1.0341256469e+01,3.7088485685e-01
0,456,-1.8714734245e+01,-1.0829924914e+01,3.1780631320e+01,1.7298671122e+00,3.8970625302e+00,3.2625687114e+00,8.3774044762e+00,-8.6028576403e-02
0,457,9.2958018693e-01,-2.3939545720e+01,-6.9634450865e+00,-2.7685676016e-01,-9.5904748699e-01,-2.5553835545e+00,6.9855395583e+00,9.2103617774e-02
0,458,-1.4340191644e+01,-4.7482833079e+01,3.4382200280e+01,3.5860570933e+00,-1.7049054274e+00,3.2887508479e+00,1.0368832605e+01,3.8993363752e-02
0,459,-3.7288310513e+01,-3.4049433975e+01,1.7408781483e+01,-4.6382014452e+00,-3.6249861534e+00,1.0821346175e+00,8.2162228437e+00,-9.9291915586e-02
0,460,4.9991421262e+01,3.9428597102e+00,-3.7665924704e+01,3.8962046518e+00,-1.3431453176e+00,3.6108120059e+00,4.4660617651e+00,7.4996254023e-01
0,461,-3.7831425661e+01,2.7697172611e+01,-1.5270440637e+01,2.5780994690e-01,-4.7856662980e+00,4.4584954947e+00,1.7183280311e+00,-2.4393709155e-01
0,462,4.7102121868e+01,4.1565480592e+01,-2.6336283691e+01,-1.9946932453e+00,2.4452989024e+00,-3.2647957691e+00,9.2002735735e+00,7.4329357024e-01
0,463,-1.6697391666e+01,-5.8848278159e-01,4.0782664107e+01,-2.9472531997e-01,-3.9767136653e+00,1.2944892497e+00,1.0208815102e+01,-7.9551430875e-01
0,464,-3.3112247839e+01,-4.5577773729e+01,4.9186331080e+01,3.4562989853e-01,4.0530346376e+00,-1.6153051269e+00,5.0954425950e+00,-9.4602158663e-01
0,465,-3.8455878705e+01,2.5683985313e+01,5.2770201374e+00,-3.6312541685e+00,2.0268940213e+00,1.2460300449e+00,6.1490603737e+00,3.4742124162e-01
0,466,4.0257810401e+00,2.5154320046e+01,4.7424129628e+01,-2.1521229982e+00,4.2506362355e+00,2.9426865363e+00,2.5643448530e+00,-4.8382058716e-01
0,467,-2.1161617465e+01,-4.3573887410e+01,2.2861717442e+01,-1.0928754118e+00,1.9371005087e+00,1.4949868417e+00,5.9295530445e+00,7.2517514495e-01
0,468,1.9372094734e+01,-1.5181385221e+00,-1.0284943767e+01,9.9024410639e-01,3.2328810209e+00,3.0669482183e+00,7.2601361732e+00,8.7745863007e-01
0,469,6.3534674963e+00,-3.2121618177e+01,-4.2439610182e+01,-2.3377592337e+00,3.0338682272e+00,9.0509935557e-01,1.0399346974e+01,-3.1271073470e-01
0,470,-1.5794686398e+01,4.1417599372e+01,1.2843233330e+01,-2.3288324090e+00,2.0844464689e+00,2.8486681859e+00,6.2520646598e+00,9.9365694448e-01
0,471,3.4912794449e+01,-2.4617636006e+01,-1.1245906940e+01,4.2837994892e-01,4.0332232458e+00,3.8049623504e+00,5.0542556690e+00,1.9408654291e-01
0,472,-1.3468515064e+01,3.0257612923e+01,-3.0393231837e+01,-3.1139704856e+00,1.0927095106e+00,3.2208129895e+00,2.2733226601e+00,-6.5438874888e-01
0,473,-4.9913488328e+01,-2.9706383580e+01,-6.0970297810e+00,3.0425193943e+00,2.9344610022e+00,-1.2103560037e+00,2.4789657209e+00,-7.2900152846e-01
0,474,-2.0685960711e+01,2.7632890538e+01,-9.7384005132e+00,-4.9841496069e+00,6.1195723508e-01,4.2782246085e+00,1.0984135116e+01,-1.7935266494e-01
0,475,-3.1835389920e+01,-1.1404555832e+01,4.5316166242e+01,-4.1503157509e+00,-2.3354932374e+00,-1.4141277114e+00,7.8201169636e+00,2.6353105123e-01
0,476,-3.3883664191e+01,3.7807937799e+01,3.2036847706e+01,2.7043430916e+00,2.0016067647e+00,4.4770074354e+00,1.0432399347e+01,4.0205158638e-01
0,477,-3.4936309273e+01,-1.1773036356e+01,5.2777321568e-01,4.4408300749e+00,2.6123403607e+00,1.5317430424e+00,1.7958224280e+00,-8.9125114302e-01
0,478,-7.0496790842e+00,-1.7801761868e+00,-4.4404053220e+01,4.9069893267e+00,-8.9979301481e-01,-4.4562702111e+00,5.0102259973e+00,1.8333359863e-01
0,479,-5.9672579430e+00,-1.4581573831e+01,1.7663522422e+01,2.0677809683e+00,2.1277149101e+00,-1.4135307988e+00,4.3854362245e+00,7.4786969821e-01
0,480,-2.6327370236e+01,-3.4108790096e+01,1.4436915780e+01,4.3688697412e+00,-3.9338715789e+00,8.7609092047e-01,7.3791276684e+00,-4.8550050030e-01
0,481,4.6987872849e+01,-3.5680950100e+01,-2.9866724312e+01,2.3111276456e+00,2.9636480324e+00,-2.1908499986e+00,8.8548719305e+00,-5.4826397521e-01
0,482,2.6311323827e+01,3.4144666132e+01,-2.8343305540e+01,-3.2686606367e+00,3.9581964020e+00,1.1758954479e+00,8.6480073611e+00,-3.2770587845e-01
0,483,4.7177380648e+01,-5.8564040139e+00,-4.5707484286e+01,1.8454529703e+00,3.0008288044e+00,-1.1853122041e+00,6.5848014567e+00,-9.2638164476e-01
0,484,4.0380879091e+00,-2.9715069700e+01,4.7369615220e+01,1.4699372121e+00,2.9045839505e+00,1.1160891858e+00,1.0042434711e+01,5.2067424707e-01
0,485,2.5479941757e+01,-3.9442377207e+01,-8.5501123725e-01,5.1164220810e-01,-1.1350877193e+00,-2.2306291979e+00,8.7703223321e+00,-7.0079106824e-01
0,486,-3.8161625894e+01,4.9359917780e+01,-1.7726159779e+01,-4.8579661873e+00,1.1118872213e+00,-4.1246086215e+00,4.5035044204e+00,1.6592505722e-01
0,487,2.8975098175e+00,-1.0672440082e+01,-2.3249217483e+01,-1.7094202185e+00,2.7474437923e+00,3.2598797131e+00,4.6586715577e+00,-3.6974948429e-01
0,488,-4.7116272616e+01,-1.6043669249e+01,4.6211897906e+01,3.1929566936e+00,4.5117222655e+00,3.6636245012e+00,6.7963279243e+00,4.1194328731e-01
0,489,4.7193867805e+01,-4.2891732041e+01,-2.4286413600e+01,-1.4157009434e+00,-1.5198024020e+00,-4.6583190326e+00,6.0803437154e+00,-6.7192997349e-02
0,490,-4.7223272546e+01,3.3077277375e+01,-1.9393117409e+00,1.3895599667e+00,4.1831191206e+00,3.3095732463e+00,3.2191852481e+00,-1.0542598046e-01
0,491,-2.7576707666e+01,-1.0573649551e+00,2.7634498793e+01,4.9897730257e+00,-1.8458567871e+00,-3.5778785677e+00,4.1410255996e+00,-3.1149680974e-01
0,492,-1.8224548790e+00,-2.2377846098e+01,-3.3645273598e+01,-6.7052322704e-01,-3.5741601133e+00,2.4318005645e+00,2.3891932049e+00,-7.7095466748e-01
0,493,3.1426273604e+01,-1.0394481505e+01,-2.7047428082e+00,-3.3771750417e+00,-6.9776718304e-01,4.8098694346e+00,7.2868599716e+00,-8.4018887525e-02
0,494,3.1175971674e+01,-3.9070712071e+01,-4.0305344709e+01,2.3007162834e+00,4.4025020392e+00,-1.8113492228e+00,2.7735863765e+00,-6.7103374641e-01
0,495,3.0829142817e+01,4.5370362557e+01,-3.3653957063e+01,-3.7629425101e+00,-4.0408423119e+00,-2.2437010669e-01,5.6795734459e+00,1.5538244003e-01
0,496,2.5378452835e+01,1.3150460861e+01,-4.8936110315e+01,3.9636851703e+00,-1.2531533494e+00,-3.5044178267e+00,1.1089118282e+00,-6.2210519874e-01
0,497,4.5613402289e+00,-1.6156245263e+00,-1.4877010353e+01,4.7583668445e+00,-3.5169302269e-01,4.7991589363e+00,5.3382724022e+00,-4.4681917105e-01
0,498,-4.1079122755e+01,3.0773793129e+00,-4.9333795765e+01,-4.7054102410e+00,3.4963887131e+00,-3.1597931954e+00,2.9394210316e+00,3.1586059803e-01
0,499,-3.6227569443e+01,-1.4259746747e+01,2.8163604847e+01,-2.6635992563e+00,3.3496552186e+00,-2.5040660740e+00,9.1133129439e+00,1.7750010042e-01
0,500,3.8109800121e+01,3.2197019124e+01,-1.4881433228e+00,-2.4421733420e+00,4.7152840904e+00,-3.9902499430e-02,5.4473006690e+00,3.4283621718e-02
0,501,4.7985350479e+01,2.9595996337e+01,-7.0215051561e-01,-5.5315797476e-01,2.7587585700e+00,4.2680573553e+00,8.2127461700e+00,7.3016925889e-01
0,502,-4.2420471805e+00,2.2793665935e+01,3.9454360581e+01,-1.9278160096e+00,4.1195733981e+00,-4.1151429150e+00,1.0651486985e+01,-9.0063670925e-01
0,503,-5.4111758971e+00,2.4678474653e+01,-2.1667828025e+01,-2.1914623758e+00,4.9637813913e+00,-4.0534698586e+00,9.6960381263e+00,7.5495227974e-01
0,504,4.1662320537e+01,-1.4527762059e+01,-3.6674119433e+01,3.8815161394e+00,3.5073212946e+00,7.7988872574e-01,5.0529342480e+00,6.6117126758e-01
0,505,-1.2605116452e+01,3.9827191965e+01,-2.2473016415e+01,-3.5017530799e+00,3.2507765471e+00,4.9654445285e+00,1.1490932145e+00,-4.3468563419e-01
0,506,2.2448111220e+01,4.0945292726e+01,8.9875581949e+00,1.3643845154e+00,4.9793863576e+00,5.5024280006e-01,7.8612009691e+00,-1.1234624736e-01
0,507,-1.9819097393e+01,4.6944181713e+01,2.2468063874e+01,-2.0181283527e+00,-4.3590516920e+00,9.4284451378e-01,2.7566330460e+00,9.6143607235e-01
0,508,4.4900683078e+01,-1.9107788973e+01,3.6886965012e+01,2.9973895978e+00,3.8691098284e+00,-2.2583692555e+00,7.3032459311e+00,-4.7828036429e-01
0,509,-3.2756500637e+01,4.0559442942e+01,-8.9315489675e+00,4.9751264881e+00,4.0213888181e+00,-7.4406168225e-01,3.8016983125e+00,2.5323998707e-01
0,510,-1.6495324143e+01,3.7004541320e+01,-2.3694155493e+01,-1.6701460614e+00,-7.4930306792e-01,4.4917854199e+00,8.7681227018e+00,4.5375743855e-01
0,511,4.1862035865e+01,1.4929084580e-01,-4.7493411599e+01,4.8271518945e+00,-4.0422264063e+00,-2.9927081140e+00,1.0634332256e+01,-9.1043162062e-01
0,512,9.6512988720e-01,3.3230287527e+01,3.4452314947e+01,-1.0343771875e+00,-3.9353405074e+00,-2.5152257423e-01,7.5742209910e+00,-4.4219811421e-01
0,513,-1.1955782847e+01,-4.3189339104e+01,-2.2358640876e+01,-2.1741894713e+00,-6.2995592627e-02,5.6583422495e-01,1.0092010469e+01,6.5749439861e-01
0,514,-7.3371164302e+00,-3.2774050852e+01,-3.3826740730e+01,3.5169852891e+00,-3.7856196700e+00,4.3854486288e+00,6.7857724772e+00,-9.1988321669e-01
0,515,-5.9962228667e+00,1.0364313172e+01,-4.7722641936e+01,3.5815130703e-01,3.0437232033e+00,4.8620680626e+00,6.8059932086e+00,-3.7195276253e-01
0,516,3.1850968107e+01,-7.4877530138e+00,2.1058589998e+01,4.2497563033e+00,3.9997021244e+00,-1.3199200092e+00,3.0387657322e+00,-4.3917523298e-01
0,517,-6.3885391952e+00,-1.9709835537e+00,6.2993436848e+00,4.2981504925e+00,-4.6312641304e+00,-2.7805516742e-01,8.5856224809e+00,-7.2995154687e-02
0,518,1.4445397474e+01,4.2029484125e+01,-1.8479904890e+01,2.6589200774e+00,3.5883970366e+00,3.9377819881e+00,9.0595039940e+00,-4.0224505095e-01
0,519,-2.5786694617e-01,3.2872398050e+01,3.3469260569e+01,-1.9820634960e+00,3.1493078629e+00,-8.4708073914e-01,7.1581726960e+00,2.6688093472e-01
0,520,3.4041439595e+01,-1.7359683089e+01,5.8416097219e+00,2.4038460839e+00,1.9441116820e+00,2.6229267044e+00,1.2079699143e+00,-7.3894844751e-01
0,521,-2.5741716510e+01,8.3790428277e+00,-4.3965917497e+01,-2.2054357814e+00,-4.4401508893e+00,3.1890307312e+00,8.4295884452e+00,4.0087777162e-01
0,522,2.3919791390e+01,-4.4184020485e+01,-3.3669106445e+00,9.8037617560e-01,4.5193799397e+00,-2.2771870751e+00,9.9691509208e+00,-1.0128135192e-01
0,523,-3.9899472748e+01,2.3160769731e+01,2.5115297490e+01,4.1593605928e+00,-3.5310037707e+00,-1.3302975597e+00,6.4937652617e+00,9.7462803869e-01
0,524,1.9337341315e+01,-3.9220737707e+01,2.2769862727e+01,-1.1221541865e+00,3.7008529383e+00,2.4849561870e+00,6.1831035759e+00,-7.7466374346e-01
0,525,-1.6771395303e+01,7.8651182623e+00,-1.0787544987e+01,-1.1172904196e+00,-1.0244574472e+00,-3.6491660581e+00,1.8870984385e+00,-7.2649566165e-01
0,526,-3.0675681066e+01,5.5040737407e+00,2.3478978674e+01,-3.5481881716e+00,3.2732202989e+00,1.3170487836e+00,6.9454050734e+00,8.5665460576e-01
0,527,-1.3668742433e+01,-1.5430651822e+01,3.4426336169e+01,1.0212198603e-01,2.1266372582e+00,-1.0636011260e+00,5.9752621748e+00,-1.8792572300e-01
0,528,1.4325103264e-01,-2.7477515572e+01,2.9382171984e+01,-1.2848219631e+00,4.7372046345e+00,-1.8786792303e+00,5.8418593196e+00,-3.8798698009e-01
0,529,3.9078325959e+01,3.7631048210e+01,1.9427746800e+01,-2.1166248513e+00,-4.8860612418e+00,2.8298731185e+00,5.2508968405e+00,-5.9072586968e-01
0,530,-1.6197195121e+01,-3.4012052968e+01,-1.5018175154e+01,-3.3464992132e+00,2.9158434867e+00,4.4435875581e+00,1.9367738110e+00,-6.9020615224e-01
0,531,-2.0994776288e+01,4.3794074279e+01,1.6510912295e+01,-4.9728403753e+00,-1.6841937027e+00,-3.3736466003e+00,5.0875310097e+00,6.6602628011e-01
0,532,-1.1213981528e+01,-2.9742517918e+01,-2.9546905625e+01,-1.3841935230e+00,1.4706897789e-01,1.8871687571e+00,7.6758715765e+00,-1.8901968523e-01
0,533,6.5027357808e+00,-1.3813537482e+01,1.9382767225e+01,7.6421233628e-01,-3.5514806297e+00,-3.8108264417e+00,8.8105829925e+00,-3.4240028371e-02
0,534,-2.2120317385e+01,-3.6912345275e+01,1.4823006450e+01,-4.2961882564e+00,-4.2476469740e+00,2.4190744559e+00,3.2527809871e+00,-2.6942492056e-01
0,535,1.7984818792e+01,3.9038722165e+01,-1.3199649781e+01,-4.8857118282e+00,-4.4697743885e+00,2.7675660317e+00,9.4444195770e+00,-1.1823450826e-01
0,536,4.7933142398e+01,-4.5102709902e+01,3.0246339357e+01,-5.9616782265e-02,2.3768977669e+00,-2.9949449250e-01,9.9952847916e+00,-3.9456573194e-01
0,537,3.3191517640e+01,9.3356150944e+00,3.7913836813e+01,4.7676711342e+00,2.1227350678e+00,1.6019666691e+00,5.5964709877e+00,9.8214066587e-01
0,538,2.9107321417e+01,-3.9212283673e+01,-4.3854849317e+01,3.6630851676e+00,3.4978460886e+00,-2.1327039446e+00,3.3159605601e+00,5.9265593560e-02
0,539,-3.2288317328e+01,9.9599558208e+00,4.1061613961e+00,-2.6986061166e+00,-1.2364383909e+00,-1.1449642881e+00,7.7102213421e+00,-2.8862483021e-01
0,540,-6.5523527826e+00,-2.6514472219e+00,3.4972590667e+01,-3.2783375114e+00,4.4353607853e+00,2.4925438536e+00,5.7488338290e+00,5.5090250892e-01
0,541,-1.5738946416e+01,-1.4597824944e+01,2.5221836742e+01,-4.4511595785e+00,-4.8578158300e+00,-2.8813453381e+00,1.4595437462e+00,6.1058326234e-01
0,542,-1.8025737055e+01,-3.9259411855e+01,1.7160014746e+01,-3.3047276215e+00,-1.0586451255e+00,4.0319620348e+00,7.9916003463e+00,1.4250462835e-01
0,543,2.7957612196e-01,-2.5977835141e+01,3.0139170252e+01,3.7915192259e+00,1.2572521978e+00,-2.7586163267e-01,3.3483950702e+00,-8.7959661609e-01
0,544,4.4589936451e+01,-4.1543458678e+01,-2.6763205918e+01,3.8943544258e+00,3.3381979858e+00,2.0725132372e+00,7.6488669704e+00,-6.4713933209e-01
0,545,-4.3872692573e+01,-8.2894936010e+00,-2.6868562390e+01,-4.2450850873e+00,1.2897053018e+00,-2.2273124928e+00,9.8078312291e+00,8.9742631926e-01
0,546,-1.1532536783e+01,5.2383269906e+00,-3.8175960252e+01,2.7881011962e+00,-4.4420526616e-01,3.1740043211e+00,4.5006243379e+00,9.1675046921e-01
0,547,-4.4237791977e+01,-3.4854586415e+01,3.3752715673e+01,1.8334730048e+00,1.2386797258e+00,-4.2763333671e+00,8.4354899244e+00,1.3953467325e-01
0,548,-3.4306792349e+01,4.7591693326e+01,-4.0797220795e+00,4.9075187509e+00,1.8316825651e+00,-3.7591052422e+00,2.6718220858e+00,4.8888266156e-01
0,549,4.1194539769e+00,-1.0150341531e+01,3.1993282252e+01,-3.2983493005e+00,1.7576533541e+00,2.0071594496e+00,2.1887822911e+00,-8.7912006484e-01
0,550,-2.4690078560e+01,-2.6288137341e+01,3.3925008720e+01,2.0867868779e+00,-4.4548094130e+00,-3.1068747947e+00,7.6705392239e+00,-7.7571772215e-01
0,551,-1.5923334316e+01,4.5810786563e-01,2.9548843941e+01,4.6463462942e+00,7.6947742410e-01,3.9037431376e-01,6.3440196604e+00,4.6775963785e-01
0,552,1.4954364167e+00,4.9360474525e+01,2.2463169402e+01,-3.0187737933e+00,-3.8230577944e+00,3.9181390260e+00,1.0425639515e+01,3.1777752066e-01
0,553,-2.0968951271e+01,2.6249677351e+01,3.2905383028e+01,4.6607582270e+00,-3.6787281994e-01,4.4793205985e+00,1.2651578981e+00,4.3262386575e-01
0,554,-3.1494931402e+01,3.6576587747e+01,-7.5009379804e+00,-2.6043025533e+00,-4.4492160247e+00,-4.0795545788e+00,4.5171088406e+00,-2.0830989127e-01
0,555,9.6625621243e+00,-3.5280067700e+01,-1.3952031622e+01,-3.2642663681e+00,1.8623675485e+00,3.9488164983e+00,1.0074531821e+01,-5.9761776291e-01
0,556,3.8848639461e+01,1.3208487566e+01,-1.0068626078e+01,-4.9381938530e+00,2.3898778262e-01,-1.5812230932e+00,7.6506937503e+00,6.2841853110e-01
0,557,-3.9562553628e+01,-5.8767946930e-01,2.8028508778e+01,6.7587182190e-01,-5.7944735306e-01,3.0680087805e+00,3.8389911460e+00,2.5421190134e-01
0,558,1.7256675506e+01,2.0888973480e+01,3.6667569581e+01,2.2764515259e+00,3.0093427738e+00,-2.8161342059e+00,2.2349020695e+00,-2.0488020368e-01
0,559,-1.3441409759e+01,-1.6030109262e+00,7.1133261347e+00,-4.4817734321e+00,-1.2114845990e+00,-2.1413557009e-01,3.5301377580e+00,-4.6532413152e-01
0,560,-3.8932868135e+01,1.5232751502e+01,-2.2648145106e+01,1.3457009691e+00,4.9420520570e+00,4.3858792397e+00,5.4877936200e+00,-8.0284066117e-01
0,561,-6.7288871187e+00,-2.7093555069e+01,1.6616685161e+01,3.7476639351e+00,-4.6413467311e+00,4.5006596621e+00,6.0187234418e+00,4.1686416390e-01
0,562,1.5895570054e+01,-1.3145196048e+01,-6.3922765462e+00,-4.0110022547e-01,8.6934618925e-01,5.9567441493e-01,9.5744987561e+00,9.0504104267e-01
0,563,-4.5646266823e+01,-7.1416863506e+00,-4.9565682187e+01,-7.7611128137e-01,4.0716957995e+00,-2.4264304607e+00,7.8972680610e+00,-9.6431820372e-01
0,564,4.0968446895e+01,4.6324535504e+01,1.5241099505e+01,4.0388967465e+00,4.0183327855e+00,-3.9880964342e+00,1.0246934360e+00,-3.3091118528e-01
0,565,-1.6974519411e+01,1.6863619521e+01,-2.9068919960e+01,-1.3387986675e+00,1.1870216095e+00,2.1118314458e+00,1.7455221474e+00,-4.4468427796e-01
0,566,-4.2026881637e+01,1.0629449277e+00,2.3754783894e+01,1.6666580255e+00,-4.2980310970e+00,9.4997714085e-01,7.1918632389e+00,-7.7253155586e-01
0,567,-4.7641914942e+01,1.2352950202e+01,3.6123093933e+00,4.3075043053e+00,3.8088645594e+00,-2.7415010043e+00,1.0485913287e+01,5.8114184885e-01
0,568,-3.1090474586e+01,1.0100232326e+01,1.9446059861e+01,-4.0907146731e+00,2.0219267984e+00,1.9692994221e+00,5.2547294005e+00,-9.3510502946e-01
0,569,-1.3443386305e+01,1.3478374045e+01,-1.0143238148e+01,4.8426829790e+00,-1.5403311497e+00,-2.6880166273e-01,3.6192615892e+00,-1.4860386269e-01
0,570,4.8374928300e+01,4.9947399786e+01,-4.0763612879e+01,-4.4605382669e+00,9.4471711477e-01,2.1155019510e+00,2.6768039538e+00,2.3610512411e-01
0,571,-1.6492030335e+01,2.0380348978e+01,4.8802992119e+00,-2.8403384787e+00,4.2965338935e+00,-2.6056796790e-02,1.0653707609e+00,-7.6250271302e-01
0,572,-4.0160335689e+01,2.0099767516e+01,-2.9032282382e+01,3.0058932295e+00,-1.0207238309e+00,1.3515011623e+00,9.3303680868e+00,5.2698750865e-01
0,573,-2.3006614378e+01,-2.6839557326e+01,2.4776205176e+01,1.1590074125e+00,2.0472426047e+00,-4.9031178979e+00,1.4159880990e+00,3.7694708695e-01
0,574,-4.9083779240e+01,-3.6603731889e+01,2.4241971678e+01,1.0363391955e+00,3.4551287622e+00,4.1010011216e+00,3.2168648114e+00,-6.3881485520e-01
0,575,1.1390360147e+01,2.7048947372e+01,-1.0344127547e+01,4.3556990821e-01,-2.3211620642e+00,-9.6904199383e-01,7.6230563431e+00,-2.6743912570e-01
0,576,-3.9590652468e+01,3.7198281049e+01,-3.3313024036e+01,2.0210926896e-02,7.1329262606e-02,4.9990656832e+00,3.6551484655e+00,5.5413356496e-01
0,577,-2.6848900494e+01,-4.8672310216e+01,-1.0703247628e+01,4.3623525553e+00,-4.7703489148e+00,-6.5433666373e-01,7.2470879854e+00,-9.3574536775e-01
0,578,6.8529014740e+00,-1.3287148514e+01,1.3576123567e+01,-8.5958109510e-01,-2.2277137298e+00,3.5744771727e+00,6.9463446289e+00,7.8226445698e-01
0,579,1.2793719053e+01,4.9119318742e+01,-6.5310781154e+00,3.9582098410e+00,-1.0571101243e+00,-4.0300514731e+00,3.6210142079e+00,-3.2350732960e-03
0,580,4.6897766319e+01,-7.1028819108e+00,-4.9959644442e+01,-2.3889411019e-01,-7.1122251251e-01,-2.3408159787e+00,3.5317737146e+00,3.2077748762e-01
0,581,-2.2080470003e+01,1.4614489518e+01,9.6623999344e+00,-1.9783959151e+00,-4.1928877166e+00,-2.7866720258e+00,4.3428772508e+00,2.9848048617e-01
0,582,8.8461312739e+00,4.7004896075e+01,-4.3671786689e+01,3.6568993976e+00,3.2749667756e+00,1.5791659600e+00,8.5682216778e+00,-8.9132264764e-02
0,583,1.4910978295e+01,-3.0848861337e+01,-1.4874514828e+01,-4.5660122994e+00,-2.1149376068e+00,1.1335627251e+00,6.4178123341e+00,-4.8503219499e-01
0,584,-4.5767254706e+01,4.2184788986e+00,2.3359449149e+01,-2.8794797849e-01,3.0810319111e+00,4.8677186295e+00,2.3159394550e+00,-8.2540301784e-01
0,585,1.3291675767e+01,2.2821794484e+01,-1.1054110043e+01,2.1362798601e+00,4.4955074273e+00,2.2374662465e+00,4.6286822863e+00,7.6024109999e-02
0,586,1.9379558540e+01,-7.3849638260e+00,-9.6298005710e+00,2.1292262488e-01,-4.1593304273e+00,-3.3947583839e+00,1.0767261306e+01,4.6635348046e-01
0,587,-1.4796445176e+01,-1.7201901817e+01,2.7657551075e+01,1.4054178802e+00,4.4133725434e+00,-1.8164325630e+00,9.9802569053e+00,9.6732941548e-01
0,588,3.6054153315e+01,1.3162018155e+01,-4.5130090576e+00,1.6864472379e+00,1.1839204450e+00,8.6463854921e-01,8.5594321487e+00,-4.9738239660e-01
0,589,-1.8531820024e+01,-3.5459788556e+01,4.6493678818e+01,-2.3576745798e+00,3.6914873909e+00,-1.7219498366e+00,9.0224459702e+00,1.2588864804e-01
0,590,2.5395537855e+01,-2.9405340915e+01,-4.1576341349e+01,3.3802233582e+00,-1.3352924755e+00,-4.3903728339e+00,6.7119907605e+00,4.3701260231e-01
0,591,-1.1105630156e+01,-1.5222541366e+01,-1.4095191129e+01,-1.6971904769e+00,1.6613133003e+00,-2.4292622122e+00,4.1394565958e+00,5.3345725431e-02
0,592,3.8869396033e+01,2.6881556901e+01,-3.0468241349e+01,7.0860043667e-02,-1.4472057607e+00,4.5126080138e+00,8.5839480653e+00,3.3992244738e-01
0,593,-4.0333708464e+01,2.2333159425e+01,4.3419376571e+01,4.6581165491e+00,-4.4886338988e+00,2.3643836227e+00,6.2875597846e+00,6.1018397734e-01
0,594,4.4238495312e+01,1.1299256497e+01,1.4311432449e+01,-1.9114429489e+00,1.7395528158e+00,-2.8568659992e+00,1.2736200580e+00,-8.7420204090e-01
0,595,6.2087986414e+00,-1.1358990549e+01,-1.0682006767e+01,-2.7178068402e+00,1.4348387329e+00,2.0712559191e+00,8.5489217916e+00,6.4355667245e-02
0,596,-2.4058839085e+00,4.5020976567e+01,-4.6073616248e+01,3.3122058484e+00,4.0147056659e+00,2.9765864406e+00,6.0118180807e+00,9.9626696482e-01
0,597,2.0990237836e+00,-6.4624426684e+00,4.6394513685e+01,7.2126848424e-01,-3.2818606488e+00,-7.2988851496e-02,4.7721883663e+00,-7.7160222445e-01
0,598,-3.9430632018e+01,-4.7966683934e+01,-7.6945407119e+00,2.7964896140e+00,-2.6535343927e+00,-4.9583400856e-01,9.4254794141e+00,5.9346909430e-01
0,599,3.3682669366e+01,-2.6427212673e+01,-4.7504613687e+01,-1.9689433053e-01,4.4285346518e+00,2.7984604229e+00,1.1248840010e+00,-1.6241074873e-01
0,600,2.3005580750e+01,-4.4824776237e+01,-2.4998478999e+01,1.3152637362e+00,3.4941088215e+00,2.5119701808e+00,7.2965985557e+00,-2.5919776096e-01
0,601,-3.1342740907e+01,9.3604991955e+00,4.4252796794e+01,-1.4161347395e+00,-4.1369389319e+00,-1.8025319543e+00,5.7258541383e+00,-6.1600042675e-01
0,602,-1.5992003477e+01,3.9564000717e+01,4.7164874802e+01,7.4726526427e-01,-1.5394339415e+00,3.1419668897e+00,4.7146107311e+00,-6.3423340192e-01
0,603,-4.5007543822e+01,-1.0358506376e+01,1.6319386599e+01,4.9277802743e+00,-3.2373902193e+00,1.7568226609e+00,5.1157265259e+00,8.1263357113e-01
0,604,2.2743450418e+01,1.6158786307e+01,3.7843159185e+00,7.6845385868e-01,-8.7215119315e-01,-3.3249698572e+00,1.0472465054e+01,1.9871494416e-01
0,605,2.6110800671e+01,3.8977447333e+01,4.5774399813e+01,3.4741411351e+00,-2.9047872256e+00,-6.9670588043e-01,1.3941389967e+00,9.9202485336e-02
0,606,-1.7403058134e+01,-4.8893735278e+01,-3.7567223137e+01,1.7202602451e+00,3.2525933665e+00,-4.2111577951e-02,9.5490932355e+00,7.5036779686e-01
0,607,3.9220377844e+01,1.8103189542e+00,3.6796192539e+01,-4.3153524349e+00,-3.0621454483e+00,-2.2046542201e+00,1.0747815421e+01,8.4243991871e-01
0,608,4.4112244106e+01,1.2624700792e+00,-1.9346552444e-01,-1.4609267872e+00,1.8012771554e+00,-5.4688149856e-01,1.0532647934e+01,-1.1752855644e-01
0,609,-1.6491367699e+01,4.1100879149e+01,-2.1135016517e+01,4.4607600451e-01,-1.5866179702e+00,-1.7193626551e+00,1.9420884265e+00,3.3461524329e-01
0,610,-1.6087361828e+01,-2.8146338825e+01,-1.6066635431e+01,-3.3561428210e+00,2.1432545395e+00,-3.0575703122e+00,1.3956961634e+00,2.1305846386e-01
0,611,2.1234615832e+01,4.0753154173e+01,1.7499398844e+01,4.0613161396e+00,-3.1293388075e+00,1.4977553051e+00,9.2735157284e+00,-7.4362288031e-01
0,612,-3.3759976916e+01,-1.7458308240e+01,-1.7904118410e+00,3.4252794638e+00,2.7072876774e+00,-6.4639325517e-01,3.8376366770e+00,-7.8836981942e-01
0,613,-1.5363053449e+01,7.2413502528e+00,1.5042269074e+01,1.8770766849e+00,4.0047723702e+00,2.4463153339e+00,4.5501528967e+00,-5.2079276253e-01
0,614,4.6316814514e+01,1.9434893536e+01,-9.6010663358e+00,1.7749359863e+00,3.8859190461e+00,-5.6441047022e-01,3.8402283056e+00,2.0187612493e-01
0,615,-1.4890950529e+01,4.5901681900e+01,7.0696759536e-01,3.8156613958e-01,1.0879234905e+00,-1.6557875120e+00,7.6634517427e+00,5.4238516071e-01
0,616,1.5983816640e+01,-3.5155894461e+01,1.1372052627e+01,-6.9433066328e-01,8.3801729876e-01,3.9748419444e+00,6.3638202396e+00,8.6034239170e-01
0,617,-3.0102303498e+00,-3.1319528577e+01,1.1787886388e+01,-1.2962506648e+00,4.3143624763e+00,4.7289415401e+00,7.0997855226e+00,7.8920878553e-01
0,618,1.6724308891e+01,-4.8603211156e+01,7.2097990928e+00,5.5834993048e-01,-4.2473158120e-01,3.5612082149e+00,2.5677305551e+00,6.1723467317e-01
0,619,3.1513764049e+01,1.6384273146e+01,-1.5322604992e+01,-7.6070010930e-01,4.9826398026e+00,-4.8688087612e+00,2.9512256896e+00,3.1620429238e-01
0,620,-3.3843982072e+01,3.0884309570e+01,-4.1133092060e+01,2.4536190962e+00,2.0632728967e+00,1.2505110336e+00,7.7553310500e+00,-6.4755002858e-01
0,621,3.1185581759e+01,-2.0658803159e+01,4.6599919231e+00,2.4329206522e+00,-2.3369387804e+00,-3.4342152897e+00,7.3789645752e+00,8.6709842266e-01
0,622,-3.2945364007e+01,-2.9000555202e+01,-1.0615796089e+00,1.2807320181e+00,-4.3388473053e+00,1.4615725942e+00,5.3669053793e+00,7.6250581991e-01
0,623,-1.9000000911e+01,2.8346448801e+01,-1.9481710144e+01,-1.9173602932e+00,2.9658361235e+00,3.0546798385e-03,1.0663661173e+01,9.1628758326e-01
0,624,-1.9085143678e+01,-4.4496480373e+01,2.0350570078e+01,-4.8452414758e+00,1.8008630009e+00,-1.2096119468e+00,2.9170083813e+00,-1.6115765560e-02
0,625,1.7245077420e+01,2.3830075783e+01,-2.6476581803e+01,4.3875689615e+00,3.9487922885e+00,3.7313063949e+00,9.7230610702e+00,-8.6914882337e-01
0,626,-4.1687491253e+01,-1.3830968907e+01,1.9349879012e+01,-3.5075964306e+00,-4.9215243011e+00,-3.6981067242e+00,1.3049326643e+00,-3.6430487845e-01
0,627,4.1365381606e+01,-1.6432383501e+01,1.2611153192e+01,2.1023742795e+00,3.3598163297e+00,9.2477648795e-01,7.6838121911e+00,-7.0973960855e-01
0,628,1.4751284507e+01,-1.2811308011e+01,-3.3939395186e+01,-1.7240085531e+00,2.5092572521e+00,-1.4769311326e+00,9.1954126238e+00,-1.5324700212e-01
0,629,-4.0939235590e+01,-4.4522455612e+01,-1.3786660490e+01,4.8548687295e+00,4.2790608384e+00,-2.6556049835e+00,1.5091246127e+00,-9.7793765831e-01
0,630,9.6129812578e+00,2.4441125139e+01,-3.3972847221e+01,1.0397738293e+00,3.7460057944e+00,-3.0923520579e+00,1.0218249437e+01,5.7650879006e-01
0,631,2.6440959203e+00,4.7936475160e+00,-1.5081774916e-01,-1.3757740782e+00,-3.5958587651e+00,-3.3312695885e+00,6.0755278790e+00,5.7585393804e-01
0,632,3.8759961044e+00,1.6815883651e+01,-3.8447388675e+01,-2.1031431375e+00,-4.7953427722e+00,4.3506737563e+00,8.1306218519e+00,-7.7785326623e-01
0,633,4.8984281998e+01,-4.2480442018e+01,-4.0343976063e+01,4.1774890335e+00,-1.9036491806e+00,-3.5252729936e+00,1.0287800742e+01,8.1152978903e-01
0,634,3.9188395249e+01,-4.1094839848e+01,9.7422769804e-01,2.6648453147e+00,-2.2018360427e+00,-6.8432779316e-01,6.5473892603e+00,6.1251470987e-01
0,635,4.7950369584e+01,-4.4676925193e+01,-3.3132005335e+01,-3.8008218067e+00,-2.7989621078e+00,1.7623273501e+00,1.0078447884e+01,5.1772750147e-01
0,636,-1.5560842895e+01,-4.7662909887e+01,-4.5145056348e+01,-1.3514270616e+00,4.5843827723e+00,2.6161162172e+00,5.7593066072e+00,8.9656219347e-01
0,637,3.3680720201e+01,7.2490900090e+00,3.6602999962e+01,-3.5355771652e+00,2.1996360119e+00,2.9481007335e+00,1.5220717753e+00,2.2369510644e-01
0,638,3.8386167487e+01,6.1949454975e+00,-1.2166791578e+01,-3.3632192986e+00,4.9351667566e+00,4.3307101025e+00,1.0699354251e+01,9.4604074207e-01
0,639,4.8630175832e+01,-3.6138462828e+01,-4.0706181010e+01,-2.9359445292e+00,3.1484810673e+00,-4.9921702221e+00,1.0652692978e+01,-6.8152064536e-01
0,640,-4.7584612061e+01,-4.8618126613e+01,2.4096971156e+00,4.8259215661e+00,2.7543035605e+00,-4.9997236859e+00,1.0308732529e+01,2.2447511518e-01
0,641,7.2518531500e+00,2.9690325204e+01,2.5867984107e+01,-2.0751786777e+00,9.1713324930e-01,3.1088701860e+00,1.0043296854e+01,-4.8850001324e-02
0,642,-1.2716352689e+01,-2.1733823079e+01,1.3925306948e+01,-1.3364685170e+00,-2.8426722101e+00,1.0918849409e+00,4.3937351934e+00,-5.9593092631e-01
0,643,2.4780386581e+01,-6.7688290760e+00,-9.1559915613e+00,6.2651972083e-01,-6.6905312504e-01,-1.2629061827e+00,8.2189164940e+00,-8.5502866230e-02
0,644,-1.1247188394e+01,-2.5401137991e+01,-6.0159276966e+00,-3.3704152835e+00,-2.5398374850e+00,-1.2928602455e+00,8.7519602923e+00,6.3706956694e-01
0,645,-3.3238277297e+01,3.3875869836e+00,-3.8898308477e+01,2.5933055196e+00,-1.5523711203e+00,-4.8465339932e+00,3.3490555083e+00,4.3519872308e-01
0,646,-2.0199163011e+01,3.7415862031e+01,-4.1604749063e+01,1.3741149341e-01,-1.6652886065e-01,-7.6673971292e-01,8.1577568618e+00,-5.3769804050e-01
0,647,3.5563773841e+01,-3.7578422989e+01,2.9380295183e+01,-2.1126757456e+00,-2.0748476973e-02,1.5694601236e-01,8.4598099233e+00,7.7090653673e-01
0,648,2.6168322133e+01,-3.1417828510e+01,-4.5158826045e+01,-4.9230052717e+00,5.6535690351e-01,3.2360776878e+00,9.2623425630e+00,4.4830583476e-01
0,649,-1.4251636185e+01,4.3725117153e+01,-1.6516531127e+00,2.0224652612e+00,4.5259777221e+00,2.1838901970e+00,5.1984588719e+00,-4.9878771580e-01
0,650,9.2547639549e+00,3.7983970269e-01,2.6434729144e+01,-4.2410524698e+00,4.2712442573e+00,-1.9877022840e-01,4.0704573277e+00,5.6552432737e-01
0,651,1.0433874773e+01,-3.9915131540e+01,-4.2850541134e+01,-3.9773610043e+00,1.1654328584e+00,3.1747558099e+00,1.0877171679e+01,-2.4354698660e-01
0,652,-4.9670270458e+01,-4.6387109298e+01,-1.1407402047e+01,5.9832985774e-01,3.5973667580e+00,-2.8783976463e+00,3.8398590269e+00,-5.6555937303e-01
0,653,-3.5058859310e+01,2.6746937156e+01,4.1946683960e+01,-3.9799082135e+00,-1.4141609200e-01,-1.6068727321e+00,4.5261532075e+00,-8.4318794023e-01
0,654,3.4311112382e+01,-3.8303738827e+01,-3.4569921663e+01,2.7023554909e+00,9.7085589355e-01,-3.8653483865e-01,6.5299771277e+00,-5.9715132676e-01
0,655,6.2195200735e+00,1.2449230143e+01,-1.9631176381e+01,-3.2126151390e+00,-5.8032117578e-01,-2.0859459634e+00,6.5696499327e+00,-1.0946964431e-01
0,656,-1.7246568933e+01,4.4289097280e+01,-4.9490183638e+01,-3.1272901400e+00,-3.4494879183e+00,-2.1091593369e+00,5.0449129949e+00,-3.9107476985e-01
0,657,-4.4344656213e+01,-1.7604186138e+01,-9.3528206271e+00,4.2411828666e-01,1.6327086541e+00,2.5908711495e+00,7.2081785901e+00,1.2763977522e-02
0,658,3.7604972668e+01,2.7511864238e+01,-2.2338246215e+01,-2.6864684432e-01,-2.6353484195e+00,3.2961525062e+00,7.7455965219e+00,5.9732071850e-01
0,659,-4.5892448419e+00,4.7824788838e+01,4.7739884536e+01,3.9607543400e+00,-2.3034670843e+00,3.4363838162e-01,4.4134061185e+00,1.9437520448e-01
0,660,-2.2745189035e+00,-1.5356122453e+01,2.8445858824e+01,1.3230601914e+00,1.3552284177e+00,-3.1105011274e+00,1.0367686342e+01,3.8415255928e-01
0,661,1.2908026349e+00,-1.5675957252e+01,-2.6551189170e+01,-3.2382110871e+00,-3.9767245804e+00,3.5530596732e+00,7.8256088052e+00,9.5675453821e-01
0,662,1.3042460924e+01,4.5917841837e+01,-4.8487415793e+00,3.6688976729e+00,2.8879366852e+00,-3.7392776360e+00,7.6555012607e+00,-5.1419756073e-01
0,663,-3.9567987569e+01,1.4294897143e+01,-3.6102334636e+01,-1.2602658366e+00,-3.2268719087e+00,-1.9682734515e-01,1.0711610186e+01,3.0913524018e-01
0,664,3.2675604095e+01,2.5561960682e+01,-2.1312636124e+01,-3.7721117743e-01,4.4456949408e+00,-2.7635772749e+00,2.5435516190e+00,-8.5044960065e-02
0,665,6.6882700458e+00,-1.1115672980e+01,1.3365641173e+01,1.6921024242e+00,-2.5585076295e+00,-1.8378270822e+00,7.4758751106e+00,7.4914769258e-01
0,666,-2.2460429032e+01,-4.0089990473e+01,2.4146361311e+01,-4.3581062226e+00,-2.7482766834e+00,-9.2986260817e-01,4.0709059737e+00,-3.4101508807e-01
0,667,-4.5003728985e+01,-5.3932748993e+00,2.0346587231e+01,-2.7272448073e+00,4.2638451649e+00,1.7462689088e+00,9.8184313983e+00,5.0628111395e-01
0,668,-6.9753502761e+00,-3.3128322187e+01,-2.8458056077e+01,-1.2518400914e+00,-1.0764094890e+00,-1.3022539887e+00,9.3229351129e+00,9.1848350312e-01
0,669,2.5861787133e+01,-3.4050077449e+00,1.2845199352e+01,-4.9723289208e+00,2.8216721433e+00,-2.2396049543e+00,9.7734095421e+00,-8.8487415290e-01
0,670,-1.2486040016e+01,1.1880456685e+01,-3.7824769871e+01,1.0031193150e+00,-4.7418169443e+00,-7.1157101342e-01,1.0298043875e+01,-8.4843796857e-01
0,671,3.7491015013e+01,1.3327025978e+01,-1.9694346455e+01,3.0129466616e+00,-1.9210284981e+00,-3.1510032519e+00,6.5443522313e+00,4.7628729487e-01
0,672,-1.4638354706e+01,2.6985466237e+01,-3.8704036218e+01,2.4597550405e+00,-3.6037073697e+00,4.4525314912e+00,8.0521725514e+00,7.9649426872e-01
0,673,-8.8796928799e+00,-1.6633075134e+01,4.0101424228e+01,-3.0662971493e+00,1.0970875323e+00,2.7835519602e+00,3.5093320862e+00,9.6969670615e-01
0,674,-1.0284023760e+01,-1.2731449009e+01,8.5160284110e+00,-7.7021931567e-01,3.0152840903e+00,1.4964671114e-01,5.9875908415e+00,3.5287711739e-01
0,675,-3.5176506958e+01,3.0181561960e+01,-2.2266775613e+00,-4.3867919382e-01,4.8671529441e+00,-4.6783155294e+00,2.9427572759e+00,-3.1933650529e-01
0,676,3.0202310942e+01,-1.9276463412e+01,-4.1369274907e+01,4.4165237245e+00,-2.4751148547e+00,2.9152450654e+00,9.3989950635e+00,3.2738317239e-01
0,677,-3.7480624526e+01,2.4091374815e+01,3.5706187126e+01,2.3490250797e+00,1.9268943704e-01,-3.9200492012e+00,8.1975086058e+00,8.3285741314e-01
0,678,-1.9319410212e+00,-1.9508885578e+01,-1.6059322546e+01,-2.1779100165e+00,3.1987581533e+00,3.3816585869e+00,1.0586475570e+01,9.3622149245e-01
0,679,1.3998147829e+01,-6.3619218563e+00,-7.5757173624e+00,1.2669677223e+00,-3.1450771508e-01,1.1851855443e+00,1.0670285196e+01,-4.5885532417e-01
0,680,4.2575392030e+01,-4.4666422948e+01,-2.8777529010e+01,-3.2175756564e+00,3.4486027707e+00,-4.4787578375e+00,9.4193402056e+00,9.4010806360e-01
0,681,2.9303796440e+01,1.9899589182e+01,2.0495653930e+01,-1.8769309190e+00,3.0699097170e+00,-7.5292600587e-01,3.2873561421e+00,-4.2465687796e-01
0,682,2.2961854363e+01,6.8142388746e+00,6.9880559840e+00,4.9494358501e-01,-9.3691753034e-01,2.8528116424e-01,6.1760510426e+00,-9.0742055043e-01
0,683,4.6490889786e+01,4.4184793110e+01,1.7298649748e+01,-6.6541873648e-01,6.0366485063e-01,1.4001501661e+00,8.0403046427e+00,-2.7759190196e-02
0,684,1.9335078713e+01,4.1625517417e+01,1.6436283927e+01,3.8211063732e-01,4.6837939041e+00,6.2968598242e-02,6.0826509507e+00,5.2283470962e-01
0,685,-2.9470724882e+01,-2.8677836609e+01,-4.2627573755e+01,-4.8771627759e+00,1.3792903332e+00,-1.9754012334e+00,3.9995528343e+00,-2.6490484703e-01
0,686,3.7060226541e+01,3.6983584327e+01,4.1704193545e+01,-2.2308948809e+00,-1.0163604030e+00,-6.5352960753e-01,4.2320023716e+00,-2.7345428582e-01
0,687,-1.2350503012e+01,4.9618673464e+01,2.9673098344e+01,4.3686145495e+00,1.3620175078e+00,7.6144724188e-03,5.2298185938e+00,-3.4089492417e-01
0,688,-8.2983378592e+00,-4.1265530135e+01,3.6776360165e+01,-1.1460398865e+00,9.3641558473e-01,-1.2397130328e+00,2.4681336570e+00,5.9786861930e-01
0,689,8.9250330622e+00,-2.7946237185e+01,3.1121803206e+01,-2.7282063606e+00,2.2997504809e-01,-3.8882668497e+00,6.9472694043e+00,-2.1280046050e-01
0,690,4.8100915876e+01,1.1768875416e+00,1.7051028212e+01,-1.2062688201e+00,4.4641591513e+00,4.9371051928e+00,8.4264597508e+00,-3.5417823091e-01
0,691,4.8989725345e+01,3.9376958525e+00,-2.4022766051e+01,1.2609900377e+00,-4.5986159470e+00,1.8275419887e+00,1.0556515417e+01,-8.5689946583e-02
0,692,2.7009889752e+01,3.2341514333e+01,3.4255103853e+01,-1.3625954447e+00,-3.0055616042e+00,4.8936440423e+00,2.6267476471e+00,5.7738834041e-01
0,693,-2.9009796762e+01,4.7389279677e+01,-4.8412646632e+01,2.3289953719e+00,-4.1493388820e+00,1.1060047457e+00,2.2649930694e+00,-8.6784945981e-01
0,694,-3.7763065047e+01,2.9700958906e+01,-5.4551611913e+00,-4.3121473581e+00,2.9072010787e+00,-3.1190563730e+00,4.9169614920e+00,5.6123472171e-01
0,695,2.2747132123e+01,1.5146848869e+01,-9.3283635840e+00,2.6760972700e+00,-1.6577731290e+00,-1.3763209415e+00,3.2476475324e+00,-7.9135683076e-01
0,696,-3.1421695129e+01,-4.3268420870e+01,-3.1937959852e+00,-1.1477311170e+00,-4.4331980447e+00,1.3073680533e+00,2.7392105804e+00,-4.6683554420e-01
0,697,1.0462960163e+01,-3.1020540782e+01,4.9948176509e+01,1.8969571343e+00,3.0039506676e+00,-3.7401892844e+00,8.5577098353e+00,8.4552883256e-01
0,698,4.2299066061e+01,-2.9878062885e+01,4.9154968094e+01,2.1371076801e+00,-1.1068626568e+00,-1.1675417033e+00,5.9432812840e+00,-7.6642988984e-01
0,699,-4.6528568210e+01,4.0104449303e+01,3.8439478208e+01,-1.3106299500e+00,-2.3658760159e+00,-3.9084046469e+00,5.7325858961e+00,-1.0160910576e-01
0,700,-3.2352467339e+01,4.4132063023e+01,3.3442233542e+01,-2.6684447786e+00,7.2057435090e-01,-4.9165660701e+00,5.9973775004e+00,-6.4662592748e-01
0,701,-3.0186201483e+01,-7.8048487230e-02,3.6638275015e+01,4.9853305193e+00,1.2520058668e+00,1.2215373322e+00,1.0212974682e+01,9.6382494595e-02
0,702,3.2337310483e+01,4.1284714868e+01,-2.3809798515e+01,-2.8731316132e+00,-2.0390702211e+00,2.5623014372e+00,4.2947189376e+00,-3.3838540844e-01
0,703,1.5727463628e+01,-2.8613332416e+01,1.9974430078e+01,4.2068703469e+00,-1.7697378885e+00,-3.2699710961e+00,4.6988248134e+00,-9.9692447157e-04
0,704,-3.8567647985e+01,-2.9569518370e+01,2.3265706037e+01,1.8638095524e+00,-2.8735179072e+00,-2.6760519006e+00,9.6306799150e+00,-1.7842761016e-01
0,705,2.3161432507e+01,2.2945074119e+01,-9.0680753622e+00,-1.4318508824e+00,-1.4839552559e+00,-1.6938328588e+00,1.0050061591e+01,-6.5004484246e-01
0,706,-2.5653613766e+01,-3.3309182657e+01,-1.1233558255e+01,3.9556840220e-01,4.2313831715e+00,2.1713631121e+00,9.7036413600e+00,1.6082590593e-01
0,707,4.3100298705e+01,7.0108436779e+00,1.0999871889e-01,-2.4597080226e+00,2.4311132717e+00,3.7098246853e+00,8.5353073597e+00,7.1486969465e-01
0,708,-4.2471271564e+01,-1.3812204131e+00,4.3815802105e+00,-2.1206450589e+00,2.1858260581e+00,-9.3116206859e-01,7.9872168903e+00,-9.9606138235e-02
0,709,-3.6366546567e+01,-3.9195906506e+01,3.0701184264e+01,-1.2060991261e-01,-6.1342350469e-01,2.1201800122e+00,7.6291658751e+00,3.6424302373e-01
0,710,3.7892617466e+01,-4.4941899551e+01,-2.7832164791e+01,3.0206449181e+00,2.6771731571e+00,-4.0795751238e+00,4.8247744431e+00,3.9744060552e-01
0,711,1.6215092440e+01,3.8357743196e+01,4.5274950049e+01,-9.4737748892e-01,2.5455990003e+00,2.0628023600e+00,3.6269709797e+00,6.5969436972e-01
0,712,-3.0753196860e+01,3.0651290007e+01,-3.8221732149e+01,4.1105063768e+00,-2.8660330679e+00,3.1650436754e+00,4.6124756809e+00,-3.0053754491e-01
0,713,4.2454530249e+01,-3.3174058973e+01,3.3767023628e+01,-1.3679704845e+00,3.8027741149e+00,5.8682332774e-03,1.4532446342e+00,5.1840717137e-01
0,714,5.1167827822e+00,-2.3299718449e+01,6.1268077028e+00,-1.8111485694e+00,-1.4095469687e+00,4.4374552180e+00,1.1760544536e+00,-9.5760754494e-01
0,715,3.2732295330e+01,4.7035494632e+01,-7.3541521362e+00,8.1882852866e-01,1.7663518185e+00,1.8915557707e+00,5.1173003726e+00,7.3820642742e-01
0,716,-4.3315233217e-01,2.9512715772e+00,2.8015385092e+01,2.0906516989e+00,-1.5398291715e+00,-3.5859858145e+00,1.5879639697e+00,-4.5887522933e-01
0,717,-1.9033917118e+01,3.9646663326e+01,1.3376533689e+01,-3.1006176016e+00,-1.0294654388e+00,1.7908980031e+00,1.0491418255e+01,8.9644256788e-01
0,718,4.4609261581e+01,1.0409902553e+00,-2.3289357300e+01,-1.9486208106e+00,-4.5844576110e-01,-2.1528812764e+00,4.2633414647e+00,-4.3704324655e-01
0,719,-2.4493318179e+01,2.5279262511e+01,3.6336122959e+01,4.3170200052e+00,-5.8051798287e-01,-2.2490873315e+00,9.0080521377e+00,8.7523335771e-01
0,720,3.0460398263e+01,8.0959064225e+00,1.4668184828e+01,-3.4937893453e+00,2.2236048278e+00,2.0547824572e+00,5.2118345081e+00,-9.3595737775e-01
0,721,1.0194487851e+01,-4.4505121277e+01,-2.7804044903e+01,4.9899833510e+00,2.3403858800e+00,-3.2889862397e+00,1.0472196186e+01,3.6026240669e-01
0,722,1.8151127858e+01,-2.8567395489e+01,4.8526912228e+01,-3.6433329799e+00,-9.6208206423e-03,-1.8839673171e+00,5.1714507873e+00,5.0820947229e-01
0,723,-4.3560410660e+01,-2.1949369168e+01,1.8580673620e+01,6.3440951083e-02,5.5597575174e-01,-1.3388050493e-01,5.4396077350e+00,-2.7959688533e-01
0,724,-4.3242898673e+01,-4.0935737822e+01,1.0822622809e+00,2.8993149604e+00,2.9612086750e+00,4.3200607362e+00,9.2195280717e+00,-2.0386850890e-01
0,725,4.8695486131e+01,-4.5608764233e+01,-1.0293591982e+01,2.2099344885e+00,-2.8498626583e+00,-1.5571630125e+00,5.0112465173e+00,7.9305002549e-01
0,726,5.8609743863e+00,-1.1360622598e+01,-4.6780828525e+01,-4.4235233867e+00,1.9799704230e+00,-5.0663206517e-01,9.1175239795e+00,5.2478587140e-01
0,727,2.2984310180e+01,-2.4408663169e-01,-2.3126296919e+01,-2.1455932349e+00,4.8417108366e+00,2.1269780431e+00,7.4564223431e+00,-8.9651580709e-01
0,728,3.0334042609e+01,-3.4353514334e+01,3.4167359296e+01,9.9461293127e-01,-4.1152906973e+00,1.6362639967e+00,1.0975270391e+01,-8.4914841775e-01
0,729,2.0753875780e+01,-1.0540888114e+01,2.9641923997e+01,4.2255249197e+00,2.3887481761e+00,-3.0245610876e+00,9.1907750425e+00,-4.0503087705e-01
0,730,8.3937665254e+00,3.5126921900e+01,-1.4486777719e+01,-2.1806529244e+00,-1.9939398752e+00,-3.3311537971e+00,1.4432764279e+00,-9.3910177235e-01
0,731,1.6444375443e+01,-1.8693532640e+01,-1.8411020920e+01,1.4861483762e+00,-4.7423752210e+00,4.6153202511e+00,8.0035693408e+00,6.5820580798e-01
0,732,-3.8200311869e+01,4.2030526578e+00,-7.1435802882e+00,-2.9353218842e+00,-2.9434307376e+00,-7.3908764205e-01,3.8189360270e+00,8.2639136809e-01
0,733,3.2068235465e+01,-4.2168715779e+01,3.3574817555e+01,5.9557172265e-01,-2.2414326608e+00,1.5482567933e+00,9.5704173374e+00,7.1958879834e-01
0,734,6.0948983329e-01,-2.8782604392e+01,-3.5827089374e+01,3.0670091082e+00,-1.2094142317e+00,-3.1394325048e+00,9.3715002464e+00,-9.1299533840e-01
0,735,-8.7857688818e-02,-3.4696018502e+01,1.9211716842e+01,2.4883901013e-01,-3.8542816038e+00,-1.0752589796e+00,4.5398680500e+00,-5.3486255721e-01
0,736,4.3450462908e+01,2.8255100212e+01,-6.0963467025e+00,-3.5983844514e+00,-2.9135776255e+00,2.2093013614e+00,1.5335723844e+00,-9.4135081672e-01
0,737,2.9924297836e+01,3.8910541399e+01,8.8881763904e+00,-4.2490028819e+00,4.3931092855e-01,-5.4076502823e-01,1.0348941114e+01,-8.9994801856e-01
0,738,1.5809745372e+01,-4.2337678276e+01,3.5672690154e+01,-4.6284396991e+00,-2.3732003325e+00,1.9387692618e+00,1.8065836089e+00,5.2360278066e-01
0,739,3.4691674115e+01,2.7277552931e+01,-2.1331470912e+01,4.6148858124e+00,-3.3475036911e+00,1.4067209588e+00,2.9405730217e+00,-8.0049148100e-01
0,740,-7.6776902460e+00,1.3309383515e+01,-2.6008418564e+01,1.3186533499e+00,-1.4597602917e+00,-2.0672694720e+00,7.6118992710e+00,-6.9346610163e-01
0,741,-3.1762153367e+01,-2.4992830947e+01,-2.7163333901e+01,2.2630955965e+00,1.9599518818e+00,-3.3673922803e+00,8.7633555037e+00,-2.9181471713e-01
0,742,-2.6011601033e+01,1.3306245191e+01,-1.0875132848e+01,2.5639564277e-02,-1.7306062238e+00,-2.8092967592e-01,3.6436534629e+00,-6.5228776338e-01
0,743,-2.5531743875e+01,5.1050637640e+00,-3.6465530091e+01,-9.0067807860e-01,-3.0827726694e+00,-1.7059799874e+00,6.0968645211e+00,2.2989166213e-01
0,744,4.6249583688e+01,2.4960226647e+01,-2.5318883441e+01,-1.8348019276e+00,-4.5712468073e+00,4.0800109269e+00,5.6978675643e+00,-5.4949242880e-01
0,745,-3.4192721678e+01,1.9815341788e+01,4.5156334525e+01,3.5406797140e+00,3.6141418985e+00,2.2789889561e+00,3.0816061236e+00,-7.9740364188e-01
0,746,-1.3903865294e+01,9.9409283884e+00,1.0386213595e+01,1.8790072468e+00,-4.2868368417e+00,3.6822748225e+00,9.6175684298e+00,-3.6800224584e-01
0,747,-8.0721880580e+00,4.9710154254e+01,2.2593106922e+01,1.1100085294e+00,-1.7349645666e+00,-2.6438247914e+00,3.2594668354e+00,-4.2200124051e-01
0,748,4.8521978780e+01,-2.7242150869e+00,1.0551918745e+01,-4.7190489339e+00,-1.1924105818e+00,-4.2469405659e+00,3.5334889221e+00,7.7663450072e-02
0,749,2.7345936129e+01,-2.9508776255e+01,-1.0710030403e+01,1.3487355115e+00,4.3281113307e+00,1.0106030833e+00,8.3617173021e+00,-4.1245504069e-01
0,750,-2.9953040825e+01,-1.5996613431e+01,4.8167320433e+01,-2.2821409243e+00,-2.9173865206e+00,3.4343004685e+00,6.8778478465e+00,2.5507893472e-01
0,751,3.4053158892e+01,-1.8628414659e+01,-2.6145968016e+01,-3.3296486774e+00,4.9333374737e-01,-3.5512996621e-01,5.5603451201e+00,6.9106324142e-02
0,752,4.3724485298e+01,-4.3844630101e+01,6.2648268679e+00,-1.8199620567e+00,-3.6314035713e+00,3.1599716089e+00,9.5683551936e+00,8.2063800833e-01
0,753,-4.7909060213e+01,-2.5026478514e+01,4.5192554847e+00,4.5372053094e+00,3.5079552319e+00,-2.1863571495e+00,3.4749301013e+00,-8.9746977105e-01
0,754,1.2139815074e+01,-2.7083378600e+01,-1.7694897795e+01,3.2965949868e+00,-4.2740373915e+00,4.1083580670e+00,5.5719896604e+00,8.2625569954e-01
0,755,-2.7544834035e+01,1.9573928588e+01,-4.1983701844e+01,2.7388503439e+00,-3.3977371074e+00,3.6197494034e-01,4.0843819599e+00,-8.0505771647e-01
0,756,9.7751193027e+00,3.7108646467e+01,-8.4525063906e+00,2.3461083590e+00,1.8708362555e+00,-2.2768954501e+00,7.4492984006e+00,4.1598604685e-01
0,757,2.2045669855e+00,-3.0987760555e+01,1.6171355437e+01,-1.2715880742e+00,-2.8513320502e-01,4.0920656450e+00,5.2410630706e+00,-8.1423033952e-01
0,758,-3.6162722151e+01,2.4715732911e+01,4.2254432893e+01,-2.8903096066e+00,1.5799313535e+00,-1.2025670550e+00,2.2409688864e+00,7.6508958999e-01
0,759,-4.2451741962e+01,-2.9574012933e+01,1.5642982938e+01,-2.6429113036e+00,2.4045736470e+00,4.6486802537e+00,4.3318001141e+00,-3.2358288547e-01
0,760,3.3595449004e+01,2.4865494750e+01,-4.2718060684e+01,2.3038115130e-01,-4.7903459798e+00,2.1774923323e+00,3.3103113809e+00,8.6022143758e-02
0,761,4.0787162767e+01,3.9274469246e+01,4.1585226446e+01,-1.2064169283e+00,3.0195125695e+00,-1.6004142894e+00,5.7224313741e+00,8.8064807089e-01
0,762,-4.1288410030e+01,-1.0521253413e+01,-3.4870692568e+01,2.4510903505e+00,2.7453076084e+00,-2.2461003704e+00,7.2765382958e+00,7.0002668244e-01
0,763,-2.0350166373e+00,-2.1591634150e+01,-4.1427778961e+01,-2.7989280214e+00,-2.5104831613e+00,-8.1097778203e-01,6.5831575559e+00,-8.3018765311e-01
0,764,-3.3244283117e+01,1.3113514876e+01,1.0794428857e+01,-3.1147742915e+00,-1.5111561848e+00,3.3897542667e+00,8.3153364273e+00,-4.8648798256e-01
0,765,2.3172011912e+01,1.4738590673e+01,1.3611431589e+01,3.3671375613e-01,4.8734447779e+00,-3.9164254716e+00,5.7399541059e+00,-8.5107924596e-01
0,766,3.1449191753e-01,1.2528848491e+01,3.1956941207e+01,-2.2232432045e+00,4.0067844787e+00,-5.2776758816e-01,2.2768902030e+00,-2.3934343701e-01
0,767,2.3130690015e+01,-2.8658876931e+01,1.0043547936e+01,4.8025858401e+00,1.3231345249e+00,-3.4124876551e+00,1.6516475699e+00,5.9974124264e-01
0,768,2.8988638324e+01,1.7310904557e+01,4.8839319217e+01,-3.6122923571e+00,1.2084471766e-01,2.1992683444e+00,4.9552677348e+00,-5.1239081915e-01
0,769,-1.3268725929e+01,-4.6835891109e+01,2.7747596604e+01,-1.4534278197e+00,-3.6000145779e+00,-2.4852862384e+00,5.2911759505e+00,2.8628692277e-01
0,770,3.7675986107e+01,-2.5131299335e+01,4.2081914093e+01,2.7743830894e+00,1.9591024783e+00,-4.5149183923e+00,2.5776658997e+00,-1.4556570498e-01
0,771,-2.3808060854e+01,2.5820206933e+01,-9.2524268940e+00,3.9423284395e+00,4.1695330428e+00,-2.7359511949e-01,7.9410346481e+00,4.1367937411e-01
0,772,-3.5425046685e+01,1.8249665652e+01,3.4561045181e+01,1.5783400538e+00,-9.7576509508e-01,-2.5886277517e+00,1.0016385958e+01,5.3947246239e-01
0,773,-2.2722168627e+01,1.7911456184e+01,-3.7560655124e+01,-8.7223144056e-01,4.3058593801e+00,5.3511043803e-01,1.5592031686e+00,6.1469159816e-01
0,774,3.0219805045e+01,4.7673945780e+01,8.4784107555e+00,-1.8917021816e-02,-4.7475238190e+00,2.4255069752e+00,1.0253254458e+01,-4.2566598087e-01
0,775,7.5276638416e-02,-1.6719882361e+01,-3.1860014695e+01,-8.2293929803e-01,3.0544166491e+00,3.7550331786e+00,2.2454575725e+00,9.0238239612e-01
0,776,5.7999973911e+00,4.7015620906e+01,1.0902520298e+01,4.6042346440e+00,-2.8870656657e+00,1.0663798782e-01,8.3015969513e+00,-3.1856505681e-02
0,777,-3.1022163984e+01,3.5455314389e+01,3.9684860357e+01,-3.7963570230e+00,-9.1935812771e-01,4.5276892043e+00,1.0277100968e+01,-5.7947552557e-01
0,778,4.2950837823e+01,1.2494203873e+00,2.0837053550e+01,4.5475599633e+00,-2.4495509907e+00,1.3369598083e+00,3.4192300590e+00,5.1159533556e-01
0,779,4.6649715722e+01,-7.6677141048e+00,-3.2649626249e+01,2.7193882166e+00,-2.0117382319e+00,-2.0195050524e+00,8.2313001972e+00,7.1365230145e-01
0,780,-2.3179429664e+01,-1.6784477777e+01,3.1724961513e+01,-2.0500863213e-01,3.4281902101e+00,4.7409309795e-01,1.0635708844e+01,-9.3480523859e-01
0,781,-9.8037546313e+00,3.6041948752e+01,-3.4703832113e+01,3.1002664092e+00,3.1318840748e+00,-4.1932822481e+00,1.2028887813e+00,4.8539357050e-01
0,782,9.3165979531e+00,2.2865941363e+01,1.9745278158e+01,3.4821088046e+00,-1.3764460601e+00,4.3937578748e+00,7.0400854778e+00,-3.4229489851e-01
0,783,-1.3730135403e+01,2.7751228575e+01,-3.9920862759e+01,1.6152482278e+00,-4.2443821995e+00,3.2392139212e+00,6.1835097350e+00,-3.1246503224e-01
0,784,-3.4392338611e+01,-1.6439941184e+01,3.2326662067e+01,4.9889563536e+00,3.8300989796e+00,2.8683750461e+00,1.3149301560e+00,-4.3005529765e-01
0,785,1.4725699166e+01,-3.1554530552e+01,-4.0500100791e+01,-3.9554600855e-01,-2.3487352987e+00,-3.8471212978e+00,3.0314218393e+00,7.1658489933e-01
0,786,3.4394728385e+01,4.0059496551e+01,2.0650332966e+01,-2.9369732262e+00,3.3997075252e+00,-1.8948812256e+00,6.3515522812e+00,-5.9466120302e-01
0,787,-4.1197583727e+01,1.3594660053e+01,3.6419422127e+01,-3.3641405722e+00,-4.0132007813e-01,-1.1745480570e+00,6.0735342666e+00,2.3188921308e-01
0,788,2.1814578246e+01,-1.6937995268e+01,1.1484024144e+01,1.0115568042e+00,-3.8254244853e+00,1.4633325704e+00,9.8612803160e+00,5.2942908720e-01
0,789,3.3078795198e+01,4.8112702369e+01,-2.7484005772e+01,-4.0408557835e+00,-4.0358510656e+00,-7.1697873795e-01,1.0542068713e+01,8.8072435459e-01
0,790,-1.7110290829e+01,1.6071020051e+01,-3.5333514579e+01,-3.3113215623e+00,4.7122207795e+00,1.8182008280e+00,4.7153724226e+00,-8.8150751958e-01
0,791,-1.8223331714e+01,-2.6426853648e+01,-2.7716781654e+01,2.7763467551e+00,1.1827665782e+00,2.3018561012e+00,4.9357928158e+00,-3.2715511943e-01
0,792,-4.3919434302e+01,-4.9158047745e+01,4.3757812071e+01,-3.2173679109e+00,1.5475277959e+00,3.2370615184e+00,1.0429777525e+01,-2.8918537790e-02
0,793,3.0483317552e+01,-3.3186230568e+01,8.1455152753e+00,4.0124806897e+00,9.6439820526e-01,3.5662023600e-01,9.4161024626e+00,8.5067382448e-01
0,794,-3.0362777589e+01,4.8827510047e+01,-4.0579524399e+01,-3.3240569841e+00,1.7009518280e+00,-3.4258001733e-01,3.2684054227e+00,9.7572373225e-01
0,795,2.0147346179e+01,-5.0327274273e+00,2.6549654117e+01,-1.8024988038e+00,-3.2014166462e+00,-3.4092417771e+00,7.5617255990e+00,-5.1867201436e-01
0,796,-3.3250465516e+01,9.3750680142e+00,-8.1072798269e+00,3.2224812443e+00,-8.2543168488e-01,-1.3809504623e+00,4.0778885554e+00,-5.5541998686e-01
0,797,3.0042648097e+00,3.8924400829e+01,-3.7646192446e+01,-3.7351753184e+00,-7.5093968108e-01,4.6514832180e+00,1.5181938040e+00,2.4255651200e-01
0,798,4.5342342181e+01,-3.5397586359e+01,2.8887255759e+01,1.2351860461e+00,1.1176613467e+00,-4.8428690060e+00,7.1138047027e+00,-3.7352080707e-01
0,799,-3.4614174876e+00,-1.2312298902e+01,1.3298971608e+01,1.4524416097e+00,3.5952833265e-01,-2.1083772448e+00,9.8590815379e+00,4.0689635622e-01
0,800,3.8291295566e+01,-1.9516464495e+01,2.5696302078e+00,-1.9963021330e+00,1.6674030883e+00,3.3348515762e+00,6.2265979374e+00,-6.0643408709e-01
0,801,2.2272916591e+01,1.4619786928e+01,-1.7673457539e+01,-3.5236480266e+00,1.1134619061e+00,-1.2491519499e+00,8.6891345334e+00,1.2953922391e-01
0,802,2.1108941418e+00,5.7786010465e+00,-3.1171178390e+01,-3.6712492391e+00,7.3499110329e-01,2.9966868637e+00,5.4611467256e+00,-9.2223013003e-01
0,803,-3.2345430312e+01,-4.2089561183e+01,1.8412909595e+01,2.1249853015e+00,-1.3173333631e+00,7.0037249276e-01,5.1594670779e+00,-4.9764076224e-01
0,804,3.7487260433e+01,4.4164301033e+01,5.1549405582e+00,4.1612912687e-01,2.7512816748e+00,-4.2579080114e+00,8.3839586914e+00,-4.2853341458e-03
0,805,2.2040706813e+01,-4.3833870624e+01,1.4549253026e+01,-1.6824674172e+00,-6.3253901230e-01,-8.5594016866e-01,9.9652287070e+00,9.1571008131e-01
0,806,4.7219199407e+01,-4.1518891366e+01,-4.0926988372e+01,4.5691103929e-01,3.8447977318e+00,3.6844788835e-01,6.8457603892e+00,-8.7794906082e-01
0,807,1.1594917700e+01,-2.3129486513e+01,2.7352400020e+01,4.8421584069e+00,3.3874238415e+00,-3.1052929247e+00,3.3539545910e+00,4.2722997695e-01
0,808,-3.6888628261e+01,2.8694486468e+01,-2.4477209931e+01,4.0624188534e+00,3.6115406401e+00,4.9362377030e+00,5.0409921780e+00,1.6312226335e-01
0,809,-4.4471493640e+01,-4.5040825193e+01,4.1331439042e+01,-7.9688376319e-02,-3.6002268799e-01,3.0983726066e+00,5.4988620256e+00,-1.2762055040e-01
0,810,3.9464834700e+01,4.0616318835e+00,4.8188082873e+01,2.7912811971e+00,-4.2253889280e+00,6.6456867646e-01,9.4015358977e+00,3.8682056842e-01
0,811,3.3516200252e+01,1.1367758951e+01,1.7762612443e+01,1.7390438620e+00,3.0314829704e+00,4.1302158354e+00,4.8751937420e+00,8.6852402979e-01
0,812,1.9996644822e+01,1.4274727536e+01,3.4050389977e+01,6.1120511760e-01,1.3637104520e+00,-2.5539688289e+00,2.4268164297e+00,3.8331221760e-01
0,813,-2.0580513482e+01,-4.4400396708e+01,-3.1631272930e+01,2.5819259684e+00,3.6583329358e+00,1.3357347373e+00,2.9438232118e+00,5.2096328117e-01
0,814,-3.2581020790e+01,-3.2373685009e+01,3.9609759832e+00,-2.4834910023e+00,2.4272001756e+00,-1.2023665086e+00,1.0450611840e+01,1.5576403921e-01
0,815,4.9344093864e+01,1.2268730841e+01,-2.4821359466e+01,2.9658923568e+00,3.5708891477e-01,1.3930578001e+00,8.3085125011e+00,-5.2864932154e-01
0,816,-2.1794694509e+01,7.1355149416e+00,2.9679585099e+01,4.1842410011e+00,3.1595826653e+00,4.3947749442e+00,7.1008020845e+00,-7.7969373659e-01
0,817,4.9547352735e+01,2.9376747915e+01,3.6834572855e+01,3.6130682093e+00,-7.2659047587e-01,-4.3727195074e+00,7.2178846105e+00,2.0306148995e-01
0,818,-2.6100880083e+01,-3.3860177958e+01,3.5318164474e+01,4.8171121673e+00,4.1161570019e-01,2.9824282825e+00,6.5959323587e+00,6.9205016396e-02
0,819,-7.9069863809e+00,3.1137964167e+01,-1.6880825659e+01,4.5663902813e+00,-4.9314578785e-01,-4.3795700694e+00,2.9231436690e+00,4.6547695224e-01
0,820,1.3339814247e+01,4.8911021836e+01,1.5116257577e+01,-5.0643591001e-01,4.2858771231e+00,-2.3875721625e+00,6.5950954070e+00,8.4812247839e-01
0,821,-4.4498973756e+01,-7.2144731214e+00,2.8536805966e+01,-1.7648784685e-01,-9.4166819516e-02,-9.2843479753e-01,1.8388195982e+00,4.5914903537e-01
0,822,6.8554741130e+00,4.3706360456e+01,2.1128573395e+01,-3.9028368932e+00,2.3530643235e+00,-2.2912103018e+00,7.4431881888e+00,-6.8752686292e-01
0,823,-4.1774138898e+01,4.7551056276e+01,-3.8712440379e+01,3.2944032239e-01,-4.6244644465e+00,-1.9481003689e+00,3.6568250790e+00,3.4190339658e-01
0,824,-2.0569981900e+01,4.1684508366e+01,-3.7969189318e+01,-2.7711210715e+00,-3.2191213305e+00,1.7981764752e+00,2.4694913204e+00,-5.3380374123e-01
0,825,-3.9232708416e+01,4.3231719170e+01,2.1544934470e+01,9.8256233893e-01,-1.6052628805e+00,2.9933130452e+00,4.2783075111e+00,8.1605690616e-01
0,826,2.3639490862e+01,-4.6088351494e+01,-4.8225523670e+01,-2.8298659030e-01,-1.9000454512e+00,1.6206358218e+00,7.2793790951e+00,-2.1549186819e-01
0,827,1.3757414447e+01,2.4081350572e+01,4.2519809814e+01,1.7512770029e+00,-4.5399653164e+00,-3.0911939443e+00,4.4607939811e+00,-3.1939270036e-01
0,828,-3.9227431123e+01,-3.3612495071e+00,6.3191542664e+00,-2.1418644428e+00,-3.5379484801e+00,2.1014067471e+00,6.1891168510e+00,-4.9224386434e-01
0,829,1.4245786641e+01,-2.6563897020e+01,3.5213430172e+01,4.8193157836e+00,-4.6630766614e+00,-3.2003494716e+00,9.8996003097e+00,5.4017448590e-01
0,830,-2.8091846210e+01,4.0770479427e+01,-2.5821141655e+01,2.9076992780e-01,6.9768375982e-01,3.6972649296e+00,1.0213310587e+01,-5.8531495909e-01
0,831,1.1053999821e+01,3.4652915636e+01,3.8247022074e+01,1.5654346657e+00,-4.6259023853e+00,-2.7145038162e+00,1.0968471164e+01,-7.0972909951e-01
0,832,1.9493712331e+01,6.0038659051e+00,-6.9050994035e+00,3.4114227530e+00,-2.2982066671e+00,4.4986069107e+00,1.9502034266e+00,8.2527439940e-01
0,833,-3.1577827959e+01,4.4715464439e+01,3.9456877759e+01,-2.8208594526e+00,-3.7288030324e+00,2.8452880810e+00,1.0880012977e+01,-3.0759753068e-01
0,834,1.9223360191e+01,-2.7021011932e+01,3.7527822744e+01,-2.3799802211e+00,-4.0048362683e+00,2.9660928566e+00,5.6934449834e+00,4.2011274277e-01
0,835,1.4313844156e+01,-1.4818528138e+01,-1.3340016251e+01,1.8054820303e+00,8.0364336996e-01,-1.3655304612e+00,9.2568365327e+00,-4.4939708032e-01
0,836,4.2348561293e+01,-2.4336734123e+01,-3.8355626533e+01,-3.0633505425e+00,-2.9350665016e+00,-2.8853592267e+00,2.0630214545e+00,-2.1856985950e-01
0,837,-3.4138127875e+01,-4.9912907742e+01,1.0862912499e+01,-2.1426158152e+00,2.8539973115e+00,9.6630422211e-01,7.3193965314e+00,-4.4733334819e-02
0,838,3.2642030289e+01,7.2178805746e-01,2.3963531048e+01,4.2593667606e+00,-1.9617283423e+00,-2.9102019164e+00,7.3599304698e+00,8.9393121558e-01
0,839,6.0794526972e+00,-4.9740711553e+01,1.2751381035e+01,-3.5884113650e+00,-1.3396016165e+00,-4.6802536373e-01,5.1646032334e+00,-4.2094909838e-01
0,840,2.0983012240e+01,3.2904058012e+00,-1.6809603440e+00,4.1632347224e+00,2.4436813534e+00,8.9492542012e-01,4.0703854249e+00,8.0597371413e-01
0,841,9.0363465059e+00,4.1566766748e+01,-3.1127472492e+01,-1.2423680426e+00,1.2298089691e-01,3.2066492821e+00,9.5339652833e+00,-3.2256321577e-01
0,842,-1.7211719168e+01,9.3031838812e+00,-2.3534493183e+01,1.3170997455e+00,3.0201164717e+00,4.0064811516e+00,6.7867558188e+00,-2.7438765172e-01
0,843,4.0324099963e+01,-2.9381060824e+01,3.9650376439e-01,-2.3071916249e+00,1.5938685539e+00,4.2042536145e+00,6.5880628832e+00,-2.6156604442e-01
0,844,-4.6670581003e+00,-4.5800331512e+01,-2.1445955043e+01,-3.0230244566e+00,1.3148922689e+00,9.2578992058e-01,2.0068441094e+00,-5.5629461704e-01
0,845,8.2466595379e-01,-2.1059031399e+01,9.7615887224e+00,-4.7945525124e+00,-3.8992538624e+00,-4.8987584444e-01,4.5926314088e+00,-1.2408515491e-01
0,846,-4.5595574610e+01,1.2391820905e+01,-4.3033260337e+01,3.4605590107e+00,2.4566324206e-01,1.4834297851e+00,3.0886207475e+00,-1.4438535326e-01
0,847,3.5453237028e+01,2.1282711286e+01,1.9708816134e+01,1.3919225668e-01,1.3325247384e+00,-2.4410555081e+00,9.8313620346e+00,-8.2683621525e-01
0,848,-2.0210886593e+01,-3.3132334744e+01,-2.1572055328e+01,4.2938036142e+00,2.6125564508e+00,-1.1503614235e+00,2.5123305244e+00,-4.6099539169e-01
0,849,1.7437354367e+01,2.4884894013e+01,-2.0995294708e+01,2.8444815790e+00,-3.0013864478e+00,1.4931019379e+00,3.2240557998e+00,-5.1218878176e-01
0,850,-2.2677159716e+01,-2.0792702339e+01,-4.1003849027e+01,2.9779472705e+00,4.4041595512e+00,-2.0117641506e+00,3.2560204995e+00,5.8989664986e-01
0,851,-4.8834930267e+01,4.2269021129e+01,-1.9113244987e+01,1.4490317118e+00,-3.2141533951e+00,-3.0799624687e+00,8.3148506355e+00,-4.7048410888e-02
0,852,-1.3931959385e+01,-4.8423548973e+01,-9.4143844486e+00,-3.7806394923e+00,-9.9271632079e-01,5.7089208419e-01,4.9143835492e+00,-8.4979617682e-01
0,853,-1.9406185192e+01,1.8148540784e+01,3.5955006949e+01,5.7995033012e-02,-1.6920439884e+00,-4.1804435100e+00,8.4970511242e+00,2.0804800801e-01
0,854,-1.2597137439e+01,3.3966662215e+01,-9.8181269410e+00,-1.8555541974e+00,-3.6150979337e+00,1.2742078101e+00,2.0939290473e+00,-6.9971819208e-01
0,855,5.0110991835e+00,-8.1739544674e+00,2.9504407514e+01,2.2869565232e+00,1.1026420845e+00,2.6529138687e-01,3.0517144688e+00,9.4188922920e-01
0,856,4.2293648954e+00,1.1102760239e+01,-4.0711933510e+01,4.4302201687e+00,-3.3188318966e+00,-1.5680980177e-01,1.1812392800e+00,-5.1890083147e-02
0,857,-3.3419557281e+01,3.7767399749e+01,4.7985446173e+01,-3.3999711757e-02,4.5962964648e+00,2.2955957368e+00,2.0062403237e+00,-3.3268345675e-01
0,858,6.9226195835e+00,2.4427634210e-01,1.4810285189e+01,2.0771640246e+00,-3.7013645604e+00,2.5749575708e+00,9.5785730689e+00,3.5994907159e-01
0,859,-3.2424378806e+01,1.5290138156e+01,-9.1329811882e+00,2.8602042039e+00,-3.2056948022e+00,1.1384163500e+00,8.5696503499e+00,4.4344833747e-01
0,860,-2.7513076308e+01,3.4984569990e+01,1.6474618561e+01,-1.0701395227e+00,-1.6583528028e+00,1.8287011361e+00,9.6704100616e+00,-6.1706174194e-05
0,861,6.0544111096e+00,3.4689546788e+01,4.9656917574e+01,2.0173757114e-01,7.6455041103e-01,-4.0280679190e+00,9.5383202920e+00,-7.0863752705e-01
0,862,9.9635971524e+00,1.9348806245e-01,3.5339763940e+01,2.2949951549e+00,-2.4056936276e+00,2.1125494582e+00,5.0947405082e+00,-1.2962630164e-01
0,863,-1.3584367309e+01,3.1814423893e+01,-2.7879273043e+01,4.3586847160e-01,-6.8014126536e-01,4.7817230456e+00,3.6531101543e+00,3.1371022170e-01
0,864,3.2801800399e+01,4.3005720104e+01,-4.5015884188e+01,-3.3781727675e+00,1.1292731465e+00,4.1688216427e+00,7.6215187063e+00,-6.5305714945e-01
0,865,2.6377763169e+01,1.5872104590e+01,1.9364518239e+01,-1.5976732721e+00,2.5591425400e+00,4.7477211127e-01,5.8591390927e+00,-2.8889954988e-01
0,866,-4.5058790825e+01,-1.6068845180e+01,-4.1495025992e+01,-1.9115727101e+00,-4.4943350644e+00,-5.4762086391e-02,8.4402957863e+00,-1.7055435813e-01
0,867,-1.8733197017e+01,4.6523684820e+01,4.5830966810e+01,2.4465390376e+00,4.4340915230e+00,-2.7637931694e+00,5.0150901415e+00,5.4285431166e-01
0,868,-3.4632211590e+01,-4.8649827740e+00,4.3360987954e+01,2.6660519874e+00,-1.3176766393e+00,9.5761749705e-01,1.0400766240e+01,-7.3598006449e-01
0,869,-2.4551720486e+01,1.3372180594e+01,-2.7757359449e+00,-4.8960295086e+00,-3.1880098293e+00,4.5815654982e+00,4.6594727420e+00,-5.3877778237e-01
0,870,-2.0253190198e+01,-4.9002985260e+00,3.9453837806e+00,-1.5196540842e+00,4.4552080610e+00,-2.1651658403e+00,8.6275741251e+00,-4.8362232907e-01
0,871,-2.5127973629e+01,2.2106708014e+01,-4.9715726124e+01,-3.0787058445e+00,4.4468776367e+00,-9.5648247095e-01,1.0635565718e+01,-8.0326870540e-01
0,872,3.5570192517e+01,3.9716645093e+01,3.6497084604e+01,-2.7606573877e+00,-7.0717998348e-02,3.0504746959e+00,4.5594422899e+00,4.9482199060e-01
0,873,-6.1230724939e+00,3.2818686954e+01,2.5780804444e+01,1.1996829213e+00,2.8634341889e+00,-3.7624468136e+00,9.5057940094e+00,-8.3237696711e-01
0,874,7.4752333376e+00,-1.0996676125e+01,-6.8153891511e+00,2.0273139011e-01,1.7351665472e+00,-3.0539647946e+00,8.7846197448e+00,8.4447383780e-01
0,875,4.1567060115e+01,2.8130471370e+01,-3.8563366602e+01,3.6035836435e+00,-3.1434353386e+00,-4.2207709463e+00,1.0587240116e+01,-9.1728321738e-01
0,876,4.7508935629e+01,3.2369485722e+01,-2.3470734746e+01,-3.1982444009e-01,1.2874232634e+00,1.2123688153e+00,3.1542855129e+00,-8.6497679812e-01
0,877,-5.0576249394e+00,4.7323659573e+01,1.8747989353e+01,-2.6423283097e+00,-4.0300808610e+00,3.8059294009e-01,4.1957868595e+00,3.4348849456e-01
0,878,4.2809253276e+01,2.5142479444e+01,-3.0798261417e+01,1.0160918748e+00,4.4602831497e+00,4.7047936077e+00,6.2384610592e+00,7.2339783130e-01
0,879,2.5178407400e+01,1.3821243990e+01,2.2205727954e+01,4.3744054015e+00,2.1613534573e+00,1.8078129072e+00,1.0787989315e+01,3.8244940312e-01
0,880,4.4761474731e-01,-2.5590841647e+01,-3.4075774245e+01,-3.6678152665e+00,3.6532846506e+00,-1.2532919116e+00,3.0073007476e+00,-3.7049556960e-01
0,881,-1.5209259589e+01,3.8820996829e+01,5.0519384700e+00,-5.5100681519e-01,-7.3730738169e-01,3.7009807065e+00,2.1664356530e+00,-2.9127641082e-01
0,882,1.2152286462e+01,-1.9133904841e+01,4.5597098207e+01,6.7551179122e-01,-2.2085968811e+00,-2.0182912480e-01,5.2925009477e+00,-9.3815122914e-01
0,883,-3.8197047304e+01,-3.4869262616e+01,4.6836492557e+01,3.3416487269e+00,3.3208866503e+00,4.4716385703e+00,6.2538957425e+00,-3.2687037593e-01
0,884,-3.0874455991e+01,1.8463183180e+01,-3.0216714149e+00,-4.4341609485e+00,-4.4069735982e+00,1.7051336061e+00,4.7133612035e+00,-1.8557991143e-01
0,885,5.8723328430e+00,4.2185550505e+01,3.5210936277e+01,4.8499259026e+00,2.9195357523e+00,4.6875292853e+00,4.3935438438e+00,-1.7304712123e-01
0,886,-2.2258612035e+01,-2.0467463401e+01,4.8102761897e+01,5.6554191539e-01,2.7514245351e+00,-8.9722286719e-01,6.8747857697e+00,7.8634396185e-01
0,887,6.1585087125e+00,5.5843502076e+00,2.2733685315e+01,-1.0632624831e+00,3.0073586400e-02,-2.4727357307e+00,8.3023856419e+00,3.8852559840e-01
0,888,4.3735825873e+01,-2.9997815043e+01,2.5084670435e+01,4.9666089890e+00,3.7053521018e+00,-3.7781717576e+00,5.0387094319e+00,-1.4148292371e-01
0,889,-4.5596167071e+01,-2.4401969451e+01,-8.5748872061e+00,3.3599190453e+00,-2.7526676644e+00,2.5360551279e+00,3.4946834391e+00,4.2942264137e-03
0,890,-4.5106912169e+01,-2.6950403758e+01,-4.4129869572e+01,3.2407333228e+00,1.4077367570e+00,1.4617988125e+00,8.1724531274e+00,-5.9528247528e-01
0,891,-2.9797661668e+01,-5.5417834574e+00,9.6032514514e+00,2.0503074196e+00,1.9730859282e+00,-1.7372892176e+00,4.9929354070e+00,2.6933370217e-01
0,892,2.6292927808e+00,-3.4985975542e+01,1.3132774999e+01,-1.0317186248e+00,-2.2767693071e+00,-4.6480130729e+00,9.2608667567e+00,-3.6727720283e-01
0,893,-2.0882100179e+01,-2.5966219686e+01,-3.4764669735e+01,1.5912232229e-01,4.9394331593e+00,-9.8178353439e-01,1.1805934497e+00,-9.1425161153e-01
0,894,1.3231760898e+01,-4.2323935028e+01,3.6694752652e+01,-2.2690871578e+00,2.2294053096e+00,8.4192838792e-01,5.7545004705e+00,8.4992782858e-01
0,895,-4.7122499625e+01,-4.2851743890e+01,1.2999465625e+01,2.2608359658e+00,-1.0224636067e+00,-4.7071180352e+00,4.6075044766e+00,8.4809313428e-01
0,896,-3.2057155847e+01,4.9207819765e+01,-1.7912529580e+01,-4.8248489177e-01,-4.7272311010e+00,-3.5303862060e+00,8.6811290941e+00,-3.6308822379e-01
0,897,-1.1270081746e+01,4.2046621205e+01,3.3436812034e+01,-1.1875750153e+00,-1.7771214139e+00,3.5242746577e+00,5.2411669270e+00,9.0921093519e-01
0,898,4.2918811549e+01,-2.0893578125e+01,-2.7230324818e+01,1.5212864599e+00,3.7525705755e+00,2.0314679886e+00,6.7709256028e+00,8.0806412259e-01
0,899,2.7462935996e+01,-2.9291278394e+01,1.3011565787e+01,-3.2761700117e+00,-2.6362458745e+00,4.9086610553e+00,1.9642956550e+00,-1.6839229184e-01
0,900,4.8294430272e+01,-8.2695730302e+00,3.6755536490e+01,-4.8977880785e+00,6.4265649097e-01,1.3566827385e+00,4.2867708026e+00,9.0312966327e-01
0,901,5.6134485899e+00,-3.3695479940e+01,-1.6719267036e+01,3.7842234451e+00,-4.8452733410e+00,2.5692402234e+00,9.3302781164e+00,8.8932156278e-01
0,902,-4.5201175937e+01,-4.3927543701e+01,9.6789426914e+00,4.2324529817e+00,2.6387136186e+00,-3.2611801327e+00,9.2727735947e+00,7.7001442703e-02
0,903,-1.1903079721e+01,-4.2606983121e+00,2.1088372018e+01,1.1734461580e+00,-5.1740878053e-01,3.0731328568e+00,1.3314846942e+00,-1.3759315160e-01
0,904,-2.7538244509e+01,4.0070383479e+01,-5.8575383648e+00,2.8888320401e+00,3.6372108169e-01,2.7010169661e+00,8.4044803564e+00,-8.1498681280e-01
0,905,4.3314689721e+01,-4.2674463518e+01,4.7092893811e+01,4.4861956311e+00,3.3017938762e+00,3.0395674976e+00,9.9328034403e+00,7.5633525651e-01
0,906,3.6468131275e+01,-9.9302290519e-01,3.0141292643e+01,1.2855267461e+00,1.6395175767e+00,1.2869028544e+00,2.6705339549e+00,-9.1015807908e-01
0,907,-4.1391669815e+01,3.7793711614e+01,1.6226557626e+01,3.4342423796e-01,1.8525040135e+00,1.9541404568e+00,1.0655458480e+01,8.1973591345e-01
0,908,9.6117880007e+00,-9.3029536117e+00,1.9875116027e+01,-3.6751001182e+00,-3.2292783997e+00,-6.0800804552e-01,3.2499658178e+00,-7.7956188553e-01
0,909,1.2454560731e+00,-3.0407448011e+01,-4.4116138012e+01,-1.5736605211e+00,4.9988226965e+00,4.5211896438e+00,3.2080157568e+00,7.2912716387e-01
0,910,-5.7811265140e+00,-4.7778549836e+01,-6.8837439208e-01,-3.9385950793e+00,1.5090478708e+00,1.6016965204e+00,2.5106145253e+00,4.7397617785e-01
0,911,3.8106767711e+00,3.1332702879e+01,-2.2866948774e+01,-2.7664283140e+00,8.7410744786e-02,-2.6312364021e+00,2.3322512486e+00,-7.9028209196e-01
0,912,1.4384682367e+01,3.3197628559e+01,-2.6265105780e+01,3.2091898416e+00,-2.2882451943e+00,-3.7654475559e-01,1.0311380414e+01,5.6726008261e-01
0,913,1.5827104433e+01,4.8997666128e+01,-3.7373601127e+01,1.5815331352e+00,4.4209562519e+00,-1.5293443513e+00,6.2271689499e+00,-2.3143128084e-01
0,914,-1.3071993349e+01,-4.8416684893e+01,-9.5751478847e-01,-4.7981514641e+00,1.7600280311e+00,1.4148630465e+00,8.5717294251e+00,-5.7178085929e-01
0,915,-4.5186666560e+00,-4.7149654523e+01,-6.2533261051e+00,4.6355440792e+00,-2.3462018545e+00,7.0691864272e-01,1.6841336147e+00,8.1845327738e-01
0,916,-9.7331850602e+00,-1.9423769586e+01,2.3014562238e+01,1.7384362997e+00,2.6810782858e+00,1.6128366332e+00,5.5747367128e+00,-1.4724225511e-01
0,917,1.5126032413e+01,8.3737660006e+00,-4.1546781450e+01,9.3355949313e-01,4.3080322488e+00,1.0724908049e+00,1.0776403089e+01,-3.9983341722e-01
0,918,1.2308223155e+01,-3.1934839455e+00,-1.7973185502e+01,-2.0091496580e+00,-3.9044853481e+00,-4.2255891297e+00,6.1319460455e+00,1.2872959726e-01
0,919,-3.9405545820e+01,4.5066134397e+01,2.7919206083e+00,-1.2867564318e+00,2.1353207771e-01,9.6332567556e-01,3.8055099504e+00,8.4804271434e-01
0,920,4.0209487169e+01,-4.8930338304e+01,9.7864986676e+00,1.7020269980e+00,1.7198028028e+00,-4.4466134251e+00,1.9658157178e+00,-3.5351879213e-01
0,921,1.3907631796e+01,-3.1888624272e+01,4.1659655325e+01,6.9879542370e-01,2.8836283823e+00,3.9423686214e+00,9.6996283376e+00,-1.7710986136e-01
0,922,-1.3769797778e+01,-3.0976902172e+01,2.1053010398e+01,-2.8146512587e-01,-2.3232793423e+00,-2.7627529193e+00,1.3621828558e+00,-2.5276678486e-01
0,923,-3.2561394844e+01,6.4137491660e+00,2.4494096439e+01,1.9573925934e+00,-3.3952994078e+00,-4.7450804104e+00,7.1976061604e+00,-8.7487013912e-01
0,924,-4.6381142408e+01,-2.8237439728e+01,2.3276763071e+01,2.0816885620e+00,-2.2703573980e+00,3.2934920249e+00,1.3140946013e+00,8.2408115632e-01
0,925,-4.8953704023e+01,4.4800601338e+01,-1.8079879469e+00,2.9882579800e+00,3.4224287506e+00,-1.4811704617e+00,3.1027086685e+00,-5.9091020543e-01
0,926,4.2113932568e+00,4.2080097083e+01,1.7639838470e+01,3.0978599834e+00,-3.5547432110e+00,2.1261667074e+00,2.8340260544e+00,-3.6217653908e-01
0,927,-2.2324583806e+01,4.2834357029e+01,-4.8534901020e+01,-6.2775778846e-01,4.5383552925e+00,1.3441160584e+00,5.9978915206e+00,9.8004821128e-01
0,928,3.5203720855e+01,-2.6744321769e+01,1.9819296137e+01,-3.7499853125e+00,-4.3809401567e+00,2.2960242151e+00,1.3704204645e+00,-8.5526211181e-01
0,929,1.7760843489e+01,1.8962166979e+00,3.7119474209e+01,1.9851309489e-01,3.7084512127e+00,-4.1853439106e+00,8.2439620678e+00,-1.7408189325e-01
0,930,-4.9773342069e+01,-9.9205408524e+00,-2.7725494875e+01,-3.5320774180e+00,-3.8658873825e+00,-9.3852343314e-01,5.6570398913e+00,-2.1966915262e-01
0,931,-1.6550877349e+01,-1.9645021073e+00,3.2738964531e+01,-2.1167324423e+00,-3.8523341570e+00,-1.7282120309e+00,3.7835086094e+00,9.3360758663e-01
0,932,5.9735579211e+00,4.7654382231e+01,-4.0819473840e+01,1.2164156354e+00,2.0614624382e+00,-3.7115269195e+00,7.9401050810e+00,-2.3249064350e-01
0,933,1.4780947550e+01,6.5205249733e+00,4.0360598774e+01,1.8654596302e-01,1.4667085868e+00,1.2800219451e+00,1.0316136497e+01,2.9787487690e-01
0,934,-4.7120321448e+01,-3.4564129954e+01,2.9572969666e+01,-3.5779195272e+00,6.0506357141e-01,-2.3856631468e+00,6.3237347097e+00,7.8999516824e-01
0,935,2.4178866425e+01,-1.4023688419e+01,-3.1667566058e+01,3.5655524901e+00,1.8694191272e+00,-3.8324799639e-01,9.2335904186e+00,-5.0664501707e-01
0,936,-6.1780977790e+00,4.1516430346e+01,3.6831905547e+01,-3.5563473443e+00,-4.5598838895e+00,6.2329563108e-01,6.2811994382e+00,3.8364217309e-01
0,937,-3.7246518762e+01,-6.8274068445e+00,-2.8952431762e+01,2.7420567152e+00,-4.4027187440e+00,-3.5791066841e+00,5.2314310950e+00,-8.2295017774e-01
0,938,-2.0355196796e+01,-2.8112719431e+01,-2.6926704159e+01,3.5695438965e+00,-1.9693508521e-01,2.6310642937e+00,8.5195197330e+00,-5.5580968948e-01
0,939,-3.7713045481e+01,4.3527631272e+01,-4.2134959620e+01,3.0981145790e+00,-1.0304848738e+00,4.0200944566e+00,1.5648894937e+00,6.7034106966e-01
0,940,3.1717374866e+01,4.2480800484e+01,4.7953580086e+01,3.6118536017e+00,-1.2862432521e-01,7.6557442116e-02,6.5300644625e+00,2.2934475971e-01
0,941,4.3938167577e+01,2.6348212909e+01,-1.1112194909e+01,4.9910980137e+00,4.0557146068e+00,3.1202116041e+00,1.8763471203e+00,-5.9596101455e-01
0,942,-4.6910603390e+01,-1.8163232956e+01,-4.4102611809e+01,1.1200457584e-01,-4.1852590019e+00,3.1092585521e+00,8.3329561284e+00,-5.9131271001e-01
0,943,2.4620216747e+01,3.1194601711e+01,-4.8584489757e+01,-3.5684632038e+00,2.1395546231e+00,-4.2935594820e+00,1.0783242145e+01,6.2258421938e-02
0,944,4.9545205664e+01,4.5786001485e+01,-1.0768542933e+01,-1.7410376350e-01,-3.4484240941e-01,4.4532101692e+00,1.9726200350e+00,-1.9020513128e-01
0,945,2.0880314554e+01,-1.3859945589e+00,-9.5992764270e+00,1.1437460622e+00,-2.0183878518e+00,-8.3580522371e-02,9.1639409895e+00,-3.4188963815e-01
0,946,3.1000961867e+01,3.7536798086e+01,3.4025563851e+01,3.9148371848e+00,1.8629383561e+00,7.3551250889e-01,1.9582736301e+00,-1.3500799478e-01
0,947,-1.1450273246e+01,-3.9001753455e+01,7.5649682235e+00,-4.0054727015e+00,-3.1937348229e+00,5.3973896221e-01,7.3058194082e+00,-6.4784285223e-01
0,948,1.1833911069e+00,-4.7710348897e+01,1.5866819800e+01,4.7734967013e+00,4.6821752794e+00,2.5593020150e+00,4.8224710402e+00,3.5404134698e-01
0,949,-2.5792974455e+01,2.8625433975e+01,-2.0860472075e+01,4.0231470270e-01,-2.2210371249e+00,-3.9221062227e+00,9.6928665120e+00,-8.2418818857e-01
0,950,4.8315735859e+01,2.0954228924e+01,4.7938962419e+01,1.6945119373e+00,-2.1690645987e+00,-4.2478301326e+00,2.0194719588e+00,3.3718161533e-01
0,951,-3.1480054782e+01,1.7759687811e+01,2.6804353752e+01,-1.3417403010e+00,-2.6842922613e+00,-1.0137452213e+00,6.4190454424e+00,4.8680936987e-01
0,952,-7.8478011106e+00,-2.9942725822e+01,2.2075435460e+01,-1.1026048316e+00,4.5650294328e+00,-3.9699854138e+00,1.6676018986e+00,-6.0285360348e-01
0,953,3.8925579837e+01,-1.4184453089e+01,2.3880466900e+01,-3.3284791458e+00,-3.4055153157e-01,1.0809131973e+00,3.5505799114e+00,-1.0179559006e-01
0,954,-1.8236639103e+01,-2.6555238514e+01,-3.8144660177e+01,1.0072714910e+00,-1.9033539840e+00,-2.7949940589e+00,3.6931795630e+00,-1.0271891491e-02
0,955,3.9809747222e+01,-4.6263850618e+01,3.6069002415e+01,-3.7033175438e+00,-6.4013028314e-01,-9.7405432070e-01,9.7307293102e+00,7.1501792209e-01
0,956,1.0316730971e+01,9.3827285149e+00,-2.5275152258e+01,5.9670252520e-01,1.9682874377e+00,-1.8599133272e+00,8.5824345125e+00,1.7216908428e-01
0,957,1.7216413639e+01,-2.9518802198e-01,2.5323662756e+01,-3.6189101723e+00,-3.9486056096e+00,-4.9170538131e+00,6.8721118774e+00,-1.5445390397e-01
0,958,-2.5725776644e+01,2.0576458597e+01,-4.7649980335e+01,5.2406835627e-01,4.2626518008e+00,-2.0718184659e+00,1.4727088942e+00,6.4872530366e-01
0,959,-1.6982035277e+01,4.0796091357e+01,4.5403089745e+01,2.6616661892e+00,-1.8944451850e+00,3.2710382800e+00,7.2367557950e+00,8.2744558241e-01
0,960,-7.9068886851e+00,3.7092405691e+01,-2.6606956276e+00,-3.8224014355e+00,-3.1506727627e+00,-2.6836350549e+00,8.0384439859e+00,7.1419372024e-01
0,961,2.2868461429e+01,-4.2918973855e+00,4.9520584289e+01,3.3382405333e+00,-3.4624355163e-01,8.2417030159e-01,3.5659710134e+00,4.1623575679e-01
0,962,-2.1181838434e+01,-2.1990270201e+01,-2.3947528644e+01,-2.8555320473e+00,7.2915451402e-01,-1.9220439703e+00,1.3880944664e+00,8.0619019727e-01
0,963,-2.8424348346e+01,4.9284034455e+01,1.6926171755e+01,2.6311998035e-01,3.1994417208e+00,-2.0706270342e+00,5.4003478877e+00,-5.1824943047e-01
0,964,-3.3613864651e+01,4.1342783250e+01,-1.4136485832e+01,-1.5120592278e+00,-3.5493567346e+00,-4.3752046020e+00,3.0589093734e+00,7.4749788165e-01
0,965,1.9560565948e+00,-2.9890322024e+01,2.0757299415e+01,4.8493621079e+00,2.8351381038e+00,4.6417009549e+00,7.9305408918e+00,-8.5660914884e-01
0,966,-2.5573260698e+01,4.5357880274e+01,-2.1385777868e+01,3.1718284489e+00,-2.3862559429e+00,-1.7504833204e+00,8.2027794305e+00,-4.5738155509e-02
0,967,-1.8220798796e+01,-1.1046033986e+01,-4.9655708019e+01,-3.6226381588e+00,1.8247695718e+00,-5.6522291413e-01,4.7861146889e+00,6.9267662135e-01
0,968,-1.4309445892e+01,2.3724661057e+01,-3.0486761257e+01,1.9698676197e-02,2.9972615084e+00,-9.8976675234e-01,4.7571880844e+00,-3.6142656736e-01
0,969,1.0212010499e+01,-4.1670819787e+01,-1.9577707290e+01,-1.1436608509e+00,-4.5253810284e+00,4.9727701628e+00,5.5732934049e+00,-4.1654141965e-01
0,970,4.5085581855e+01,2.4347156181e+01,-3.9108786541e+01,-2.8776977620e+00,-4.3157677023e+00,3.2919007811e+00,7.8936114604e+00,-2.2756951639e-01
0,971,-2.8127026222e+01,1.9280406586e+01,2.3951425927e+00,4.0120669496e+00,-3.6371822556e+00,4.0256289528e+00,8.4754500517e+00,-1.3625368948e-02
0,972,1.3980950538e+01,4.4267739306e+01,4.9515718315e+01,-6.0464344248e-01,-1.5629928264e+00,-1.2912400888e+00,8.5882237254e+00,8.9164164471e-01
0,973,-4.5832206749e+00,-4.3695470082e+01,-1.6854526320e+01,1.6296904076e-02,-4.3967768501e+00,2.8878407776e+00,8.9335898105e+00,-9.7764373383e-01
0,974,3.2255639104e+00,4.0227111564e+01,-2.7659164266e+01,1.0067886887e+00,2.3146119329e+00,4.1276950339e+00,1.0868941111e+01,9.0038186307e-01
0,975,1.0557356924e+01,1.0845536604e+00,3.5139762603e+01,2.4185534368e+00,-8.6591568583e-01,9.8942631203e-01,3.3504265874e+00,-8.9356412640e-01
0,976,4.1620023801e+00,-2.6980015858e+01,-7.2464074508e-01,3.8532074116e+00,1.0107583301e+00,-2.4842403538e+00,9.3114156352e+00,-8.8951274841e-01
0,977,-1.8537873620e+01,-3.3740370015e+01,5.6873316670e+00,-1.2505642121e+00,4.5138037761e+00,-1.4976770275e+00,4.8612171234e+00,-3.2727966566e-02
0,978,-2.4749658757e+01,1.0953006968e+01,-4.1568511488e+01,4.8396460618e+00,2.2299572603e-01,-4.2879100420e+00,1.0341555373e+01,-7.4425371724e-01
0,979,8.2054532870e+00,2.8555316282e+01,3.6972848506e+01,4.9546296429e+00,-1.1550420644e+00,-3.9522885666e+00,1.4868090062e+00,8.5223163471e-01
0,980,-1.6502901477e+01,4.1434493634e+00,3.1143655852e+01,4.3604681824e+00,2.9301045825e+00,1.4257812157e+00,1.0912904440e+01,-7.8473655590e-01
0,981,3.0517442143e+01,4.8163760243e+00,-1.7424699160e+00,2.5655479904e+00,3.9839605750e+00,3.6869701318e+00,3.4019081529e+00,-6.9820106015e-01
0,982,-2.1772917603e+00,-1.7549429958e+01,-3.6513592436e+01,-4.9947334500e+00,-1.0428530332e+00,-4.3098038758e+00,2.2839979638e+00,9.5553845910e-01
0,983,3.5457277524e+01,4.9812828191e+01,4.7323219337e+01,-2.6093143120e+00,-3.9710057522e+00,-4.7808690601e+00,2.6518438569e+00,-1.2425917998e-01
0,984,6.3347587624e+00,4.7662094421e+01,-1.2608277221e+01,-1.4364195459e+00,1.1919906531e+00,-1.3479232818e+00,5.6398976746e+00,-1.5125302651e-01
0,985,4.1337143207e+01,4.4656506877e+01,-3.1907171468e+01,3.1176748956e+00,3.1526208148e+00,-7.8880899390e-01,1.0626669595e+01,-4.1302167224e-01
0,986,2.4562480103e+01,-4.0246896534e+01,-2.0598418112e+01,-3.5866050276e+00,-3.3344935292e+00,-7.7584384744e-01,2.1910872633e+00,-9.5775315629e-01
0,987,-7.9456103304e+00,-4.0765908030e+01,-2.3980800935e+01,2.3443321941e-01,-3.8574598631e+00,-7.4623623199e-01,1.0613137320e+01,3.5520320263e-01
0,988,-9.8002679459e+00,-1.6476904026e+01,-4.6604035374e+01,-4.7880361414e+00,2.0043863156e+00,-2.0505858129e-02,5.4556987260e+00,2.2762012632e-01
0,989,-5.5485517511e+00,1.2649815792e+01,-7.4422447744e+00,-2.4022343650e+00,-4.5238274194e+00,-1.1175548873e+00,6.5326572738e+00,5.8648411817e-01
0,990,-1.4224454069e+00,3.4728154626e+01,4.3458155679e+01,1.5232619301e+00,-2.3030283848e+00,-4.4630971735e+00,7.7344961533e+00,3.8048211643e-01
0,991,-3.5396879765e+01,4.3364160598e+01,-2.8631562031e+01,-2.3971478396e+00,-1.4098201769e+00,-3.2500188836e+00,1.0378868174e+01,5.2203060664e-01
0,992,1.0229071374e+00,4.7184646408e+01,2.8221168918e+01,-2.8933229753e+00,-3.0204122202e-01,-2.7221843869e+00,9.2447776563e+00,8.2862072057e-01
0,993,3.5427971923e+01,-2.4994468212e+01,-3.2591307667e+01,4.0189697729e+00,1.3829982916e+00,2.2735265117e+00,7.9513903591e+00,-7.5184924982e-01
0,994,7.4634196970e+00,1.2972059223e+01,2.7640156810e+01,3.4433135849e+00,1.8341087535e+00,-5.0148817035e-01,6.3457241670e+00,6.5888415541e-01
0,995,-1.1650721106e+01,2.4825679639e+01,-4.1027270626e+01,2.4251077126e+00,4.2325490803e+00,-4.7238588937e+00,6.0352607411e+00,-1.3303204213e-01
0,996,4.9946057470e+01,-2.1426223717e+01,1.4415168140e+01,-3.0743547962e-01,1.3519324136e-01,-3.1370552970e-01,4.8356681186e+00,-2.6440191421e-01
0,997,2.1868476491e+01,5.7653735651e+00,-2.3030398028e+01,-1.4301540639e+00,-2.1499361364e+00,4.6483505609e+00,5.8105996870e+00,7.1928116666e-01
0,998,9.4555647855e+00,-2.4253846320e+01,2.0397194182e+01,-2.2203347726e+00,2.0731271976e+00,-2.6145564195e+00,2.0740860044e+00,-8.1838898352e-01
0,999,4.8680115444e+01,-3.0286410581e+01,3.3331627996e+01,4.1005606247e+00,-2.7524999519e+00,-1.6315764639e+00,4.4354004094e+00,-5.5157884096e-01
